city,name,image,building_site,date_start,date_end,floors,tags,owner_developer,trump_status,,,,,,,,,,,,,,,,
Sunny Isles Beach,Residences by Armani Casa,http://skyscraperpage.com/diagrams/images/88853.gif,http://skyscraperpage.com/cities/?buildingID=103883,2016,null,60,Building UsesÂ -Â residentialÂ -Â gardenÂ -Â parking garageÂ -Â fitness center; Structural TypesÂ -Â highrise; Architectural StyleÂ -Â modern,Armani Casa,,,,,,,,,,,,,,,,,
Sunny Isles Beach,Regalia,http://skyscraperpage.com/diagrams/images/77895.gif,http://skyscraperpage.com/cities/?buildingID=39013,2011,2014,43,Building UsesÂ -Â residentialÂ -Â gardenÂ -Â parking garageÂ -Â retailÂ -Â fitness center; Structural TypesÂ -Â highrise; Architectural StyleÂ -Â modern,Bernardo Brescia,,,,,,,,,,,,,,,,,
Las Vegas,California Club - Tower One,http://skyscraperpage.com/diagrams/images/28213.gif,http://skyscraperpage.com/cities/?buildingID=25478,null,1975,13,Building UsesÂ -Â hotelÂ -Â casino; Structural TypesÂ -Â highrise; Architectural StyleÂ -Â modern; MaterialsÂ -Â glassÂ -Â steelÂ -Â concrete,Boyd,,,,,,,,,,,,,,,,,
Las Vegas,California Club - Tower Two,http://skyscraperpage.com/diagrams/images/28214.gif,http://skyscraperpage.com/cities/?buildingID=32902,null,1975,13,Building UsesÂ -Â hotelÂ -Â casino; Structural TypesÂ -Â highrise; Architectural StyleÂ -Â modern; MaterialsÂ -Â glassÂ -Â steelÂ -Â concrete,Boyd,,,,,,,,,,,,,,,,,
Las Vegas,Fremont Hotel,http://skyscraperpage.com/diagrams/images/19088.gif,http://skyscraperpage.com/cities/?buildingID=25456,null,1956,15,Building UsesÂ -Â hotelÂ -Â casino; Structural TypesÂ -Â highrise; Architectural StyleÂ -Â modern,Boyd,,,,,,,,,,,,,,,,,
Las Vegas,Gold Coast Hotel & Casino,http://skyscraperpage.com/diagrams/images/19226.gif,http://skyscraperpage.com/cities/?buildingID=25411,null,1986,11,Building UsesÂ -Â hotelÂ -Â casino; Structural TypesÂ -Â highrise; Architectural StyleÂ -Â modern,Boyd,,,,,,,,,,,,,,,,,
Las Vegas,Main Street Station,http://skyscraperpage.com/diagrams/images/37688.gif,http://skyscraperpage.com/cities/?buildingID=25453,null,1977,17,Building UsesÂ -Â hotelÂ -Â casino; Structural TypesÂ -Â highrise; Architectural StyleÂ -Â modern,Boyd,,,,,,,,,,,,,,,,,
Las Vegas,Suncoast Hotel and Casino,http://skyscraperpage.com/diagrams/images/16451.gif,http://skyscraperpage.com/cities/?buildingID=19863,1998,2000,10,Building UsesÂ -Â hotelÂ -Â casino; Structural TypesÂ -Â highrise; Architectural StyleÂ -Â modern,Boyd,,,,,,,,,,,,,,,,,
Atlantic City,Caesars Atlantic City Centurion Tower,http://skyscraperpage.com/diagrams/images/60390.gif,http://skyscraperpage.com/cities/?buildingID=17522,null,null,25,Building UsesÂ -Â hotelÂ -Â casino; Structural TypesÂ -Â highrise,Caesars,,,,,,,,,,,,,,,,,
Las Vegas,Bally's - North Tower,http://skyscraperpage.com/diagrams/images/37152.gif,http://skyscraperpage.com/cities/?buildingID=2573,null,1973,26,Building UsesÂ -Â hotelÂ -Â casino; Structural TypesÂ -Â highrise; Architectural StyleÂ -Â modern,Caesars,,,,,,,,,,,,,,,,,
Las Vegas,Bally's - South Tower,http://skyscraperpage.com/diagrams/images/58998.gif,http://skyscraperpage.com/cities/?buildingID=2574,null,1980,26,Building UsesÂ -Â hotelÂ -Â casino; Structural TypesÂ -Â highrise; Architectural StyleÂ -Â modern,Caesars,,,,,,,,,,,,,,,,,
Las Vegas,El Cortez Hotel & Casino,http://skyscraperpage.com/diagrams/images/18870.gif,http://skyscraperpage.com/cities/?buildingID=5116,null,1980,14,Building UsesÂ -Â hotel; Structural TypesÂ -Â highrise,Caesars,,,,,,,,,,,,,,,,,
Las Vegas,Flamingo Las Vegas,http://skyscraperpage.com/diagrams/images/48289.gif,http://skyscraperpage.com/cities/?buildingID=2572,null,1967,28,Building UsesÂ -Â hotelÂ -Â casinoÂ -Â restaurantÂ -Â retail; Structural TypesÂ -Â highrise; Architectural StyleÂ -Â modern; MaterialsÂ -Â glassÂ -Â steelÂ -Â concrete,Caesars,,,,,,,,,,,,,,,,,
Las Vegas,Harrah's - Mardi Gras North Tower,http://skyscraperpage.com/diagrams/images/20660.gif,http://skyscraperpage.com/cities/?buildingID=26875,null,1983,23,Building UsesÂ -Â hotelÂ -Â casino; Structural TypesÂ -Â highrise; Architectural StyleÂ -Â modern,Caesars,,,,,,,,,,,,,,,,,
Las Vegas,Harrah's - Mardi Gras South Tower,http://skyscraperpage.com/diagrams/images/20662.gif,http://skyscraperpage.com/cities/?buildingID=26876,null,1973,15,Building UsesÂ -Â hotelÂ -Â casino; Structural TypesÂ -Â highrise; Architectural StyleÂ -Â modern,Caesars,,,,,,,,,,,,,,,,,
Las Vegas,Harrah's Carnival Tower,http://skyscraperpage.com/diagrams/images/48294.gif,http://skyscraperpage.com/cities/?buildingID=4369,null,1989,35,Building UsesÂ -Â hotelÂ -Â casino; Structural TypesÂ -Â highrise; Architectural StyleÂ -Â modern; MaterialsÂ -Â glassÂ -Â steelÂ -Â concrete,Caesars,,,,,,,,,,,,,,,,,
Las Vegas,Imperial Palace Towers,http://skyscraperpage.com/diagrams/images/58853.gif,http://skyscraperpage.com/cities/?buildingID=5390,null,1974,19,Building UsesÂ -Â hotelÂ -Â casino; Structural TypesÂ -Â highrise; Architectural StyleÂ -Â postmodern,Caesars,,,,,,,,,,,,,,,,,
Las Vegas,Paris - Parking Garage,http://skyscraperpage.com/diagrams/images/84347.gif,http://skyscraperpage.com/cities/?buildingID=32948,null,1999,8,Building UsesÂ -Â parking garage; Structural TypesÂ -Â highrise; Architectural StyleÂ -Â modern; MaterialsÂ -Â steelÂ -Â concrete,Caesars,,,,,,,,,,,,,,,,,
Las Vegas,Paris Las Vegas,http://skyscraperpage.com/diagrams/images/28090.gif,http://skyscraperpage.com/cities/?buildingID=5024,1997,1999,34,Building UsesÂ -Â hotelÂ -Â casino; Structural TypesÂ -Â highrise; Architectural StyleÂ -Â postmodern; MaterialsÂ -Â masonry,Caesars,,,,,,,,,,,,,,,,,
Las Vegas,Planet Hollywood - Parking Garage,http://skyscraperpage.com/diagrams/images/84271.gif,http://skyscraperpage.com/cities/?buildingID=32950,null,2000,10,Building UsesÂ -Â parking garage; Structural TypesÂ -Â highrise; Architectural StyleÂ -Â modern; MaterialsÂ -Â steelÂ -Â concrete,Caesars,,,,,,,,,,,,,,,,,
Las Vegas,Planet Hollywood Resort & Casino,http://skyscraperpage.com/diagrams/images/48921.gif,http://skyscraperpage.com/cities/?buildingID=6990,1998,2000,39,Building UsesÂ -Â hotelÂ -Â casinoÂ -Â restaurantÂ -Â retailÂ -Â theatreÂ -Â fitness center; Structural TypesÂ -Â highrise; Architectural StyleÂ -Â postmodern; MaterialsÂ -Â glassÂ -Â steelÂ -Â concrete,Caesars,,,,,,,,,,,,,,,,,
Las Vegas,Rio All-Suite Hotel & Casino Ipanema Tower,http://skyscraperpage.com/diagrams/images/15948.gif,http://skyscraperpage.com/cities/?buildingID=4863,null,1990,20,Building UsesÂ -Â hotelÂ -Â casino; Structural TypesÂ -Â highrise; Architectural StyleÂ -Â modern,Caesars,,,,,,,,,,,,,,,,,
Las Vegas,Rio All-Suite Hotel & Casino Masquerade Tower,http://skyscraperpage.com/diagrams/images/2686.gif,http://skyscraperpage.com/cities/?buildingID=2688,1995,1997,42,Building UsesÂ -Â hotelÂ -Â casino; Structural TypesÂ -Â highrise; Architectural StyleÂ -Â postmodern; MaterialsÂ -Â glassÂ -Â steelÂ -Â concrete,Caesars,,,,,,,,,,,,,,,,,
Las Vegas,Elara - Hilton Grand Vacations Hotel,http://skyscraperpage.com/diagrams/images/59701.gif,http://skyscraperpage.com/cities/?buildingID=43033,2006,2009,50,Building UsesÂ -Â hotelÂ -Â parking garageÂ -Â residentialÂ -Â restaurantÂ -Â retail; Structural TypesÂ -Â highrise; Architectural StyleÂ -Â modern; MaterialsÂ -Â glassÂ -Â steelÂ -Â concrete,Colony Capital,,,,,,,,,,,,,,,,,
Las Vegas,Hilton Grand Vacations Club at the Flamingo Main Tower,http://skyscraperpage.com/diagrams/images/37683.gif,http://skyscraperpage.com/cities/?buildingID=25454,null,1994,17,Building UsesÂ -Â hotel; Structural TypesÂ -Â highrise; Architectural StyleÂ -Â postmodern; MaterialsÂ -Â concrete,Colony Capital,,,,,,,,,,,,,,,,,
Las Vegas,Hilton Grand Vacations Club At The Las Vegas Hilton,http://skyscraperpage.com/diagrams/images/18879.gif,http://skyscraperpage.com/cities/?buildingID=25452,null,1999,17,Building UsesÂ -Â hotel; Structural TypesÂ -Â highrise; Architectural StyleÂ -Â modern,Colony Capital,,,,,,,,,,,,,,,,,
Las Vegas,Hilton Grand Vacations Club Tower One,http://skyscraperpage.com/diagrams/images/36690.gif,http://skyscraperpage.com/cities/?buildingID=25617,2002,2003,28,Building UsesÂ -Â hotel; Structural TypesÂ -Â highrise; Architectural StyleÂ -Â postmodern,Colony Capital,,,,,,,,,,,,,,,,,
Las Vegas,Hilton Grand Vacations Club Tower Two,http://skyscraperpage.com/diagrams/images/58940.gif,http://skyscraperpage.com/cities/?buildingID=31646,2004,2006,38,Building UsesÂ -Â hotel; Structural TypesÂ -Â highrise; Architectural StyleÂ -Â postmodern; MaterialsÂ -Â glassÂ -Â steelÂ -Â concrete,Colony Capital,,,,,,,,,,,,,,,,,
Las Vegas,Las Vegas Hilton,http://skyscraperpage.com/diagrams/images/15906.gif,http://skyscraperpage.com/cities/?buildingID=5398,null,1969,30,Building UsesÂ -Â hotelÂ -Â casino; Structural TypesÂ -Â highrise; Architectural StyleÂ -Â international,Colony Capital,,,,,,,,,,,,,,,,,
Las Vegas,Palace Station,http://skyscraperpage.com/diagrams/images/16783.gif,http://skyscraperpage.com/cities/?buildingID=20381,null,1976,21,Building UsesÂ -Â hotelÂ -Â casino; Structural TypesÂ -Â highrise; Architectural StyleÂ -Â modern; MaterialsÂ -Â steel,Colony Capital,,,,,,,,,,,,,,,,,
Las Vegas,Palace Tower,http://skyscraperpage.com/diagrams/images/60962.gif,http://skyscraperpage.com/cities/?buildingID=2473,1996,1997,29,Building UsesÂ -Â hotelÂ -Â religiousÂ -Â restaurantÂ -Â retailÂ -Â fitness center; Structural TypesÂ -Â highrise; Architectural StyleÂ -Â romanesque; MaterialsÂ -Â glassÂ -Â steelÂ -Â stucco,Colony Capital,,,,,,,,,,,,,,,,,
Las Vegas,Red Rock Casino Resort Spa - Tower I,http://skyscraperpage.com/diagrams/images/36619.gif,http://skyscraperpage.com/cities/?buildingID=31641,2004,2006,23,Building UsesÂ -Â hotelÂ -Â casinoÂ -Â restaurantÂ -Â fitness center; Structural TypesÂ -Â highrise; Architectural StyleÂ -Â modern; MaterialsÂ -Â glassÂ -Â steelÂ -Â stucco,Colony Capital,,,,,,,,,,,,,,,,,
Las Vegas,Vdara,http://skyscraperpage.com/diagrams/images/59608.gif,http://skyscraperpage.com/cities/?buildingID=41119,2006,2009,64,Building UsesÂ -Â hotelÂ -Â residentialÂ -Â retail; Structural TypesÂ -Â highrise; Architectural StyleÂ -Â modern; MaterialsÂ -Â glassÂ -Â steelÂ -Â stoneÂ -Â concrete,Deutche,,,,,,,,,,,,,,,,,
Las Vegas,Veer Towers East,http://skyscraperpage.com/diagrams/images/72230.gif,http://skyscraperpage.com/cities/?buildingID=49385,2007,2010,37,Building UsesÂ -Â residentialÂ -Â restaurantÂ -Â retail; Structural TypesÂ -Â highrise; Architectural StyleÂ -Â modern; MaterialsÂ -Â glassÂ -Â steelÂ -Â concrete,Deutche,,,,,,,,,,,,,,,,,
Las Vegas,Veer Towers West,http://skyscraperpage.com/diagrams/images/72229.gif,http://skyscraperpage.com/cities/?buildingID=52448,2007,2010,37,Building UsesÂ -Â residentialÂ -Â restaurantÂ -Â retail; Structural TypesÂ -Â highrise; MaterialsÂ -Â glassÂ -Â steelÂ -Â concrete,Deutche,,,,,,,,,,,,,,,,,
Sunny Isles Beach,International Beach Resort,http://skyscraperpage.com/diagrams/images/31716.gif,http://skyscraperpage.com/cities/?buildingID=33357,2003,2004,33,"Building UsesÂ -Â hotelÂ -Â residentialÂ -Â retail; Structural TypesÂ -Â highrise; Architectural StyleÂ -Â internationalÂ -Â modern; MaterialsÂ -Â glassÂ -Â steelÂ -Â concrete, reinforced",Dezer Development,,,,,,,,,,,,,,,,,
Atlantic City,Trump Taj Mahal - Chairman Tower,http://skyscraperpage.com/diagrams/images/52731.gif,http://skyscraperpage.com/cities/?buildingID=41040,2006,2008,42,Building UsesÂ -Â hotelÂ -Â casinoÂ -Â gardenÂ -Â parking garageÂ -Â restaurantÂ -Â retailÂ -Â fitness center; Structural TypesÂ -Â highrise; Architectural StyleÂ -Â modern,Donald Trump,bankrupt_sold,,,,,,,,,,,,,,,,
Atlantic City,Trump Taj Mahal,http://skyscraperpage.com/diagrams/images/52758.gif,http://skyscraperpage.com/cities/?buildingID=4769,null,1990,42,Building UsesÂ -Â hotelÂ -Â casinoÂ -Â conferenceÂ -Â parking garageÂ -Â restaurantÂ -Â retail; Structural TypesÂ -Â highrise; Architectural StyleÂ -Â modern,Donald Trump,bankrupt_sold,,,,,,,,,,,,,,,,
Atlantic City,Trump Plaza Hotel & Casino,http://skyscraperpage.com/diagrams/images/29659.gif,http://skyscraperpage.com/cities/?buildingID=17497,1983,1984,39,Building UsesÂ -Â hotelÂ -Â casino; Structural TypesÂ -Â highrise,Donald Trump,bankrupt_sold,,,,,,,,,,,,,,,,
Atlantic City,Trump Plaza Hotel East Tower,http://skyscraperpage.com/diagrams/images/41451.gif,http://skyscraperpage.com/cities/?buildingID=39489,null,1965,20,Building UsesÂ -Â hotelÂ -Â casino; Structural TypesÂ -Â highrise,Donald Trump,bankrupt_sold,,,,,,,,,,,,,,,,
Las Vegas,Trump International Hotel Las Vegas,http://skyscraperpage.com/diagrams/images/57742.gif,http://skyscraperpage.com/cities/?buildingID=26519,2005,2008,57,Building UsesÂ -Â residentialÂ -Â parking garageÂ -Â residentialÂ -Â restaurantÂ -Â fitness center; Structural TypesÂ -Â highrise; Architectural StyleÂ -Â modern; MaterialsÂ -Â glassÂ -Â gold,Donald Trump,dev_owns,,,,,,,,,,,,,,,,
Sunny Isles Beach,Trump Towers I,http://skyscraperpage.com/diagrams/images/34909.gif,http://skyscraperpage.com/cities/?buildingID=39216,2005,2008,45,Building UsesÂ -Â residential; Structural TypesÂ -Â highrise,Donald Trump,dev_owns,,,,,,,,,,,,,,,,
Sunny Isles Beach,Trump Towers II,http://skyscraperpage.com/diagrams/images/34910.gif,http://skyscraperpage.com/cities/?buildingID=39217,2005,2008,45,Building UsesÂ -Â residential; Structural TypesÂ -Â highrise,Donald Trump,dev_owns,,,,,,,,,,,,,,,,
Sunny Isles Beach,Trump Towers III,http://skyscraperpage.com/diagrams/images/34911.gif,http://skyscraperpage.com/cities/?buildingID=39219,2007,2009,45,Building UsesÂ -Â residential; Structural TypesÂ -Â highrise; Architectural StyleÂ -Â modern,Donald Trump,dev_owns,,,,,,,,,,,,,,,,
Canada,Toronto,Trump International Hotel & Tower Toronto,http://skyscraperpage.com/diagrams/images/81088.gif,2007,2012,57,"Building UsesÎ¾-Î¾mixed useÎ¾-Î¾hotelÎ¾-Î¾parking garageÎ¾-Î¾residentialÎ¾-Î¾restaurant; Structural TypesÎ¾-Î¾highriseÎ¾-Î¾pole; Architectural StyleÎ¾-Î¾postmodern; MaterialsÎ¾-Î¾glassÎ¾-Î¾steelÎ¾-Î¾concrete, reinforced",Donald Trump,license,,,,,,,,,,,,,,,,
Canada,Vancouver,Trump International Hotel & Tower Vancouver,http://skyscraperpage.com/diagrams/images/78621.gif,2012,2016,63,Building UsesÎ¾-Î¾mixed useÎ¾-Î¾hotelÎ¾-Î¾residentialÎ¾-Î¾retail; Structural TypesÎ¾-Î¾highriseÎ¾-Î¾twist-scraper; Architectural StyleÎ¾-Î¾modern; MaterialsÎ¾-Î¾glass,Donald Trump,license,,,,,,,,,,,,,,,,
Turkey,Istanbul,Trump Towers - Office Tower,http://skyscraperpage.com/diagrams/images/67753.gif,2006,2010,37,Building UsesŒæ-ŒæofficeŒæ-Œæparking garageŒæ-Œæretail; Structural TypesŒæ-Œæhighrise; Architectural StyleŒæ-Œæmodern; MaterialsŒæ-Œæglass,Donald Trump,license,,,,,,,,,,,,,,,,
Turkey,Istanbul,Trump Towers - Residence Tower,http://skyscraperpage.com/diagrams/images/67752.gif,2006,2010,39,Building UsesŒæ-ŒæresidentialŒæ-Œæparking garageŒæ-Œæretail; Structural TypesŒæ-Œæhighrise; Architectural StyleŒæ-Œæmodern; MaterialsŒæ-Œæglass,Donald Trump,license,,,,,,,,,,,,,,,,
Las Vegas,Stratosphere Las Vegas,http://skyscraperpage.com/diagrams/images/34928.gif,http://skyscraperpage.com/cities/?buildingID=1682,1978,1979,24,Building UsesÂ -Â hotelÂ -Â casino; Structural TypesÂ -Â highrise; Architectural StyleÂ -Â modern; MaterialsÂ -Â glassÂ -Â steelÂ -Â concrete,Goldman Sachs,,,,,,,,,,,,,,,,,
Las Vegas,Stratosphere Tower,http://skyscraperpage.com/diagrams/images/64563.gif,http://skyscraperpage.com/cities/?buildingID=122,1994,1996,12,"Building UsesÂ -Â observationÂ -Â communicationÂ -Â religiousÂ -Â restaurantÂ -Â retailÂ -Â ride; Structural TypesÂ -Â towerÂ -Â highriseÂ -Â roller coasterÂ -Â vertical ride; Architectural StyleÂ -Â futurism; MaterialsÂ -Â glassÂ -Â steelÂ -Â concrete, reinforcedÂ -Â concrete",Goldman Sachs,,,,,,,,,,,,,,,,,
Las Vegas,Panorama Towers One,http://skyscraperpage.com/diagrams/images/59673.gif,http://skyscraperpage.com/cities/?buildingID=26520,2004,2007,32,Building UsesÂ -Â residential; Structural TypesÂ -Â highrise; Architectural StyleÂ -Â modern; MaterialsÂ -Â glassÂ -Â steelÂ -Â concrete,Hallier,,,,,,,,,,,,,,,,,
Las Vegas,Panorama Towers Three,http://skyscraperpage.com/diagrams/images/59699.gif,http://skyscraperpage.com/cities/?buildingID=32024,2006,2009,41,Building UsesÂ -Â residential; Structural TypesÂ -Â highrise; Architectural StyleÂ -Â modern; MaterialsÂ -Â glassÂ -Â steelÂ -Â concrete,Hallier,,,,,,,,,,,,,,,,,
Las Vegas,Panorama Towers Two,http://skyscraperpage.com/diagrams/images/59674.gif,http://skyscraperpage.com/cities/?buildingID=31718,2005,2007,32,Building UsesÂ -Â residential; Structural TypesÂ -Â highrise; Architectural StyleÂ -Â modern; MaterialsÂ -Â glassÂ -Â steelÂ -Â concrete,Hallier,,,,,,,,,,,,,,,,,
Sunny Isles Beach,Jade Signature,http://skyscraperpage.com/diagrams/images/88807.gif,http://skyscraperpage.com/cities/?buildingID=35116,2014,null,57,Building UsesÂ -Â residentialÂ -Â parking garageÂ -Â fitness center; Structural TypesÂ -Â highrise; Architectural StyleÂ -Â modern,Jade,,,,,,,,,,,,,,,,,
Sunny Isles Beach,Jade Ocean,http://skyscraperpage.com/diagrams/images/62896.gif,http://skyscraperpage.com/cities/?buildingID=49483,2006,2009,51,Building UsesÂ -Â residentialÂ -Â parking garageÂ -Â restaurantÂ -Â retailÂ -Â fitness center; Structural TypesÂ -Â highrise; Architectural StyleÂ -Â postmodern,Jade,,,,,,,,,,,,,,,,,
Sunny Isles Beach,Palace,http://skyscraperpage.com/diagrams/images/36045.gif,http://skyscraperpage.com/cities/?buildingID=33358,2003,2005,55,"Building UsesÂ -Â residentialÂ -Â parking garageÂ -Â retail; Structural TypesÂ -Â highrise; Architectural StyleÂ -Â chicago schoolÂ -Â modern; MaterialsÂ -Â glassÂ -Â concrete, reinforced",Jules Trump,,,,,,,,,,,,,,,,,
Sunny Isles Beach,Royale,http://skyscraperpage.com/diagrams/images/36046.gif,http://skyscraperpage.com/cities/?buildingID=33359,2005,2008,55,"Building UsesÂ -Â residentialÂ -Â parking garage; Structural TypesÂ -Â highrise; Architectural StyleÂ -Â chicago schoolÂ -Â postmodern; MaterialsÂ -Â glassÂ -Â aluminiumÂ -Â concrete, reinforced",Jules Trump,,,,,,,,,,,,,,,,,
Sunny Isles Beach,Mansions at Acqualina,http://skyscraperpage.com/diagrams/images/77894.gif,http://skyscraperpage.com/cities/?buildingID=99503,2012,2015,46,Building UsesÂ -Â residentialÂ -Â parking garageÂ -Â restaurantÂ -Â retail; Structural TypesÂ -Â highrise; Architectural StyleÂ -Â postmodern,Jules Trump,,,,,,,,,,,,,,,,,
Sunny Isles Beach,La Perla Ocean Residences,http://skyscraperpage.com/diagrams/images/34888.gif,http://skyscraperpage.com/cities/?buildingID=39215,2004,2006,42,Building UsesÂ -Â residentialÂ -Â parking garage; Structural TypesÂ -Â highrise; Architectural StyleÂ -Â modern,La Perla,,,,,,,,,,,,,,,,,
Las Vegas,Las Vegas Marriott Suites,http://skyscraperpage.com/diagrams/images/79509.gif,http://skyscraperpage.com/cities/?buildingID=25451,1996,1997,15,Building UsesÂ -Â hotelÂ -Â conferenceÂ -Â restaurantÂ -Â retail; Structural TypesÂ -Â highrise; Architectural StyleÂ -Â postmodern; MaterialsÂ -Â glassÂ -Â steelÂ -Â concrete,Marriott,,,,,,,,,,,,,,,,,
Las Vegas,Marriott's Grand Chateau,http://skyscraperpage.com/diagrams/images/46999.gif,http://skyscraperpage.com/cities/?buildingID=31649,2004,2007,37,Building UsesÂ -Â hotelÂ -Â parking garageÂ -Â residentialÂ -Â restaurant; Structural TypesÂ -Â highrise; Architectural StyleÂ -Â postmodern; MaterialsÂ -Â concrete,Marriott,,,,,,,,,,,,,,,,,
Las Vegas,Paradise Marriott Renaissance,http://skyscraperpage.com/diagrams/images/37676.gif,http://skyscraperpage.com/cities/?buildingID=26690,2003,2005,14,Building UsesÂ -Â hotelÂ -Â parking garage; Structural TypesÂ -Â highrise; Architectural StyleÂ -Â modern,Marriott,,,,,,,,,,,,,,,,,
Atlantic City,Harrah's Bayview Tower,http://skyscraperpage.com/diagrams/images/47325.gif,http://skyscraperpage.com/cities/?buildingID=17454,null,2002,25,Building UsesÂ -Â hotelÂ -Â casino; Structural TypesÂ -Â highrise,MGM,,,,,,,,,,,,,,,,,
Atlantic City,Harrah's Waterfront Tower,http://skyscraperpage.com/diagrams/images/47336.gif,http://skyscraperpage.com/cities/?buildingID=41039,2005,2008,37,Building UsesÂ -Â hotelÂ -Â casinoÂ -Â conferenceÂ -Â parking garageÂ -Â restaurantÂ -Â retailÂ -Â fitness center; Structural TypesÂ -Â highrise; Architectural StyleÂ -Â modern,MGM,,,,,,,,,,,,,,,,,
Atlantic City,The Water Club at Borgata,http://skyscraperpage.com/diagrams/images/47312.gif,http://skyscraperpage.com/cities/?buildingID=41037,2006,2008,39,Building UsesÂ -Â hotelÂ -Â casinoÂ -Â gardenÂ -Â parking garageÂ -Â restaurantÂ -Â retailÂ -Â fitness center; Structural TypesÂ -Â highrise; Architectural StyleÂ -Â modern; MaterialsÂ -Â glass,MGM,,,,,,,,,,,,,,,,,
Atlantic City,Borgata Hotel & Casino,http://skyscraperpage.com/diagrams/images/47324.gif,http://skyscraperpage.com/cities/?buildingID=9981,2000,2003,40,Building UsesÂ -Â hotelÂ -Â casinoÂ -Â conferenceÂ -Â parking garageÂ -Â restaurantÂ -Â retailÂ -Â theatreÂ -Â fitness center; Structural TypesÂ -Â highrise; Architectural StyleÂ -Â postmodern; MaterialsÂ -Â glassÂ -Â concrete,MGM,,,,,,,,,,,,,,,,,
Atlantic City,Bally's Atlantic City,http://skyscraperpage.com/diagrams/images/16896.gif,http://skyscraperpage.com/cities/?buildingID=4717,1987,1989,37,Building UsesÂ -Â hotelÂ -Â casino; Structural TypesÂ -Â highrise; Architectural StyleÂ -Â modern,MGM,,,,,,,,,,,,,,,,,
Atlantic City,Claridge Tower at Bally's,http://skyscraperpage.com/diagrams/images/20987.gif,http://skyscraperpage.com/cities/?buildingID=17142,1929,1930,24,Building UsesÂ -Â hotelÂ -Â casino; Structural TypesÂ -Â highrise; Architectural StyleÂ -Â beaux artsÂ -Â renaissance revival,MGM,,,,,,,,,,,,,,,,,
Las Vegas,Aria Resort & Casino,http://skyscraperpage.com/diagrams/images/59634.gif,http://skyscraperpage.com/cities/?buildingID=41116,2006,2009,62,Building UsesÂ -Â hotelÂ -Â casinoÂ -Â conferenceÂ -Â officeÂ -Â parking garageÂ -Â theatre; Structural TypesÂ -Â highrise; Architectural StyleÂ -Â modern; MaterialsÂ -Â glassÂ -Â steelÂ -Â stoneÂ -Â concrete,MGM,,,,,,,,,,,,,,,,,
Las Vegas,Bellagio Las Vegas,http://skyscraperpage.com/diagrams/images/71077.gif,http://skyscraperpage.com/cities/?buildingID=3388,1995,1998,37,Building UsesÂ -Â hotelÂ -Â casinoÂ -Â conferenceÂ -Â parking garageÂ -Â restaurantÂ -Â retail; Structural TypesÂ -Â highrise; Architectural StyleÂ -Â postmodern; MaterialsÂ -Â glassÂ -Â steelÂ -Â concrete,MGM,,,,,,,,,,,,,,,,,
Las Vegas,Bellagio Spa Tower,http://skyscraperpage.com/diagrams/images/71014.gif,http://skyscraperpage.com/cities/?buildingID=25458,2003,2004,33,Building UsesÂ -Â hotelÂ -Â casinoÂ -Â conferenceÂ -Â restaurantÂ -Â retail; Structural TypesÂ -Â highrise; Architectural StyleÂ -Â postmodern; MaterialsÂ -Â glassÂ -Â steelÂ -Â concrete,MGM,,,,,,,,,,,,,,,,,
Las Vegas,Circus Circus Main Tower East,http://skyscraperpage.com/diagrams/images/58995.gif,http://skyscraperpage.com/cities/?buildingID=26722,null,1972,15,Building UsesÂ -Â hotelÂ -Â casino; Structural TypesÂ -Â highrise; Architectural StyleÂ -Â modern,MGM,,,,,,,,,,,,,,,,,
Las Vegas,Circus Circus Main Tower West,http://skyscraperpage.com/diagrams/images/35367.gif,http://skyscraperpage.com/cities/?buildingID=39684,null,1975,15,Building UsesÂ -Â hotelÂ -Â casino; Structural TypesÂ -Â highrise; Architectural StyleÂ -Â modern,MGM,,,,,,,,,,,,,,,,,
Las Vegas,Circus Circus Parking Garage North,http://skyscraperpage.com/diagrams/images/87664.gif,http://skyscraperpage.com/cities/?buildingID=50279,null,1996,8,Building UsesÂ -Â parking garage; Structural TypesÂ -Â highrise; Architectural StyleÂ -Â modern; MaterialsÂ -Â steelÂ -Â concrete,MGM,,,,,,,,,,,,,,,,,
Las Vegas,Circus Circus Skyrise Tower,http://skyscraperpage.com/diagrams/images/37148.gif,http://skyscraperpage.com/cities/?buildingID=26721,null,1986,29,Building UsesÂ -Â hotelÂ -Â casino; Structural TypesÂ -Â highrise; Architectural StyleÂ -Â modern; MaterialsÂ -Â glassÂ -Â steelÂ -Â concrete,MGM,,,,,,,,,,,,,,,,,
Las Vegas,Circus Circus West Tower,http://skyscraperpage.com/diagrams/images/37146.gif,http://skyscraperpage.com/cities/?buildingID=5404,1995,1996,35,Building UsesÂ -Â hotelÂ -Â casino; Structural TypesÂ -Â highrise; Architectural StyleÂ -Â modern; MaterialsÂ -Â glassÂ -Â steelÂ -Â concrete,MGM,,,,,,,,,,,,,,,,,
Las Vegas,Excalibur Hotel Casino Castle,http://skyscraperpage.com/diagrams/images/79314.gif,http://skyscraperpage.com/cities/?buildingID=35371,null,1990,3,Building UsesÂ -Â casino; Structural TypesÂ -Â highrise,MGM,,,,,,,,,,,,,,,,,
Las Vegas,Excalibur Hotel Tower One,http://skyscraperpage.com/diagrams/images/34932.gif,http://skyscraperpage.com/cities/?buildingID=6536,1988,1990,28,Building UsesÂ -Â hotelÂ -Â casinoÂ -Â restaurantÂ -Â theatre; Structural TypesÂ -Â highrise; Architectural StyleÂ -Â postmodern,MGM,,,,,,,,,,,,,,,,,
Las Vegas,Excalibur Hotel Tower Two,http://skyscraperpage.com/diagrams/images/34930.gif,http://skyscraperpage.com/cities/?buildingID=35368,1988,1990,28,Building UsesÂ -Â hotelÂ -Â casinoÂ -Â restaurant; Structural TypesÂ -Â highrise; Architectural StyleÂ -Â postmodern,MGM,,,,,,,,,,,,,,,,,
Las Vegas,Luxor Las Vegas East Tower,http://skyscraperpage.com/diagrams/images/34926.gif,http://skyscraperpage.com/cities/?buildingID=20372,1996,1997,22,Building UsesÂ -Â hotelÂ -Â casinoÂ -Â retail; Structural TypesÂ -Â highrise; Architectural StyleÂ -Â modern; MaterialsÂ -Â steel,MGM,,,,,,,,,,,,,,,,,
Las Vegas,Luxor Las Vegas West Tower,http://skyscraperpage.com/diagrams/images/34925.gif,http://skyscraperpage.com/cities/?buildingID=20371,1996,1997,22,Building UsesÂ -Â hotelÂ -Â casino; Structural TypesÂ -Â highrise; Architectural StyleÂ -Â modern; MaterialsÂ -Â steel,MGM,,,,,,,,,,,,,,,,,
Las Vegas,Mandalay Bay Resort & Casino,http://skyscraperpage.com/diagrams/images/45797.gif,http://skyscraperpage.com/cities/?buildingID=2302,1997,1999,43,"Building UsesÂ -Â hotelÂ -Â casinoÂ -Â restaurantÂ -Â retail; Structural TypesÂ -Â highriseÂ -Â sign; Architectural StyleÂ -Â postmodern; MaterialsÂ -Â glassÂ -Â steelÂ -Â concrete, reinforced",MGM,,,,,,,,,,,,,,,,,
Las Vegas,MGM Grand Las Vegas,http://skyscraperpage.com/diagrams/images/58953.gif,http://skyscraperpage.com/cities/?buildingID=5394,1991,1993,30,Building UsesÂ -Â hotelÂ -Â casino; Structural TypesÂ -Â highrise; Architectural StyleÂ -Â modern; MaterialsÂ -Â glassÂ -Â steelÂ -Â concrete,MGM,,,,,,,,,,,,,,,,,
Las Vegas,Mirage Las Vegas,http://skyscraperpage.com/diagrams/images/58304.gif,http://skyscraperpage.com/cities/?buildingID=2265,1988,1989,30,Building UsesÂ -Â hotelÂ -Â casino; Structural TypesÂ -Â highrise; Architectural StyleÂ -Â modern; MaterialsÂ -Â glassÂ -Â steelÂ -Â concrete,MGM,,,,,,,,,,,,,,,,,
Las Vegas,Monte Carlo Resort & Casino,http://skyscraperpage.com/diagrams/images/72562.gif,http://skyscraperpage.com/cities/?buildingID=4941,1995,1996,32,Building UsesÂ -Â hotelÂ -Â casino; Structural TypesÂ -Â highrise; Architectural StyleÂ -Â postmodern; MaterialsÂ -Â stucco,MGM,,,,,,,,,,,,,,,,,
Las Vegas,New York New York - Parking Garage,http://skyscraperpage.com/diagrams/images/87364.gif,http://skyscraperpage.com/cities/?buildingID=32949,1995,1997,8,Building UsesÂ -Â parking garage; Structural TypesÂ -Â highrise; Architectural StyleÂ -Â modern; MaterialsÂ -Â steelÂ -Â concrete,MGM,,,,,,,,,,,,,,,,,
Las Vegas,New York New York Hotel & Casino,http://skyscraperpage.com/diagrams/images/58901.gif,http://skyscraperpage.com/cities/?buildingID=5381,1995,1997,49,Building UsesÂ -Â hotelÂ -Â casinoÂ -Â restaurantÂ -Â retailÂ -Â fitness center; Structural TypesÂ -Â highrise; Architectural StyleÂ -Â art decoÂ -Â modernÂ -Â postmodern; MaterialsÂ -Â glassÂ -Â steelÂ -Â concrete,MGM,,,,,,,,,,,,,,,,,
Las Vegas,The Signature at MGM Grand - Tower A,http://skyscraperpage.com/diagrams/images/39567.gif,http://skyscraperpage.com/cities/?buildingID=26518,2004,2007,40,Building UsesÂ -Â residentialÂ -Â fitness center; Structural TypesÂ -Â highrise; Architectural StyleÂ -Â postmodern; MaterialsÂ -Â glassÂ -Â steel,MGM,,,,,,,,,,,,,,,,,
Las Vegas,The Signature at MGM Grand - Tower B,http://skyscraperpage.com/diagrams/images/39568.gif,http://skyscraperpage.com/cities/?buildingID=31763,2005,2006,40,Building UsesÂ -Â residentialÂ -Â fitness center; Structural TypesÂ -Â highrise; Architectural StyleÂ -Â postmodern; MaterialsÂ -Â glassÂ -Â steel,MGM,,,,,,,,,,,,,,,,,
Las Vegas,The Signature at MGM Grand - Tower C,http://skyscraperpage.com/diagrams/images/39569.gif,http://skyscraperpage.com/cities/?buildingID=31996,2005,2007,40,Building UsesÂ -Â residentialÂ -Â fitness center; Structural TypesÂ -Â highrise; Architectural StyleÂ -Â postmodern; MaterialsÂ -Â glassÂ -Â steel,MGM,,,,,,,,,,,,,,,,,
Sunny Isles Beach,Porsche Design Tower,http://skyscraperpage.com/diagrams/images/88672.gif,http://skyscraperpage.com/cities/?buildingID=98968,2013,2016,57,Building UsesÂ -Â residentialÂ -Â gardenÂ -Â parking garageÂ -Â retailÂ -Â fitness center; Structural TypesÂ -Â highrise; Architectural StyleÂ -Â modern,Porsche,,,,,,,,,,,,,,,,,
Atlantic City,Ocean Tower,http://skyscraperpage.com/diagrams/images/37466.gif,http://skyscraperpage.com/cities/?buildingID=17705,null,1929,17,Building UsesÂ -Â hotelÂ -Â casinoÂ -Â restaurantÂ -Â retail; Structural TypesÂ -Â highrise; Architectural StyleÂ -Â art deco; MaterialsÂ -Â glassÂ -Â steelÂ -Â concrete,Resorts,,,,,,,,,,,,,,,,,
Atlantic City,Resorts Atlantic City - Rendezvous Tower,http://skyscraperpage.com/diagrams/images/37464.gif,http://skyscraperpage.com/cities/?buildingID=35490,2003,2004,27,Building UsesÂ -Â hotelÂ -Â casinoÂ -Â restaurantÂ -Â retail; Structural TypesÂ -Â highrise; Architectural StyleÂ -Â art decoÂ -Â postmodern; MaterialsÂ -Â glassÂ -Â steelÂ -Â concrete,Resorts,,,,,,,,,,,,,,,,,
Atlantic City,Ocean Club Condominiums East Tower,http://skyscraperpage.com/diagrams/images/41453.gif,http://skyscraperpage.com/cities/?buildingID=17143,1983,1984,34,Building UsesÂ -Â residential; Structural TypesÂ -Â highrise; Architectural StyleÂ -Â modern,Resorts,,,,,,,,,,,,,,,,,
Atlantic City,Ocean Club Condominiums West Tower,http://skyscraperpage.com/diagrams/images/41454.gif,http://skyscraperpage.com/cities/?buildingID=17144,1983,1984,34,Building UsesÂ -Â residential; Structural TypesÂ -Â highrise; Architectural StyleÂ -Â modern,Resorts,,,,,,,,,,,,,,,,,
Atlantic City,Revel Entertainment Resort - South Tower,http://skyscraperpage.com/diagrams/images/67091.gif,http://skyscraperpage.com/cities/?buildingID=68604,2008,2012,47,Building UsesÂ -Â hotelÂ -Â casinoÂ -Â parking garageÂ -Â restaurantÂ -Â retailÂ -Â cinemaÂ -Â fitness center; Structural TypesÂ -Â highrise; Architectural StyleÂ -Â modern; MaterialsÂ -Â glass,Revel Entertainment Group,,,,,,,,,,,,,,,,,
Sunny Isles Beach,The Ritz-Carlton Residences,http://skyscraperpage.com/diagrams/images/88850.gif,http://skyscraperpage.com/cities/?buildingID=104439,2016,null,50,Building UsesÂ -Â residentialÂ -Â gardenÂ -Â parking garageÂ -Â restaurantÂ -Â fitness center; Structural TypesÂ -Â highrise; Architectural StyleÂ -Â modern,Ritz-Carlton,,,,,,,,,,,,,,,,,
Las Vegas,Embassy Suites Hotel Convention Center Paradise Road Las Vegas,http://skyscraperpage.com/diagrams/images/20389.gif,http://skyscraperpage.com/cities/?buildingID=26724,null,2000,11,Building UsesÂ -Â hotel; Structural TypesÂ -Â highriseÂ -Â sign; Architectural StyleÂ -Â modern; MaterialsÂ -Â glassÂ -Â steelÂ -Â concrete,Sheldon Adelson,,,,,,,,,,,,,,,,,
Las Vegas,Palazzo Las Vegas,http://skyscraperpage.com/diagrams/images/58939.gif,http://skyscraperpage.com/cities/?buildingID=31639,2004,2007,53,Building UsesÂ -Â hotelÂ -Â casinoÂ -Â parking garageÂ -Â restaurantÂ -Â retailÂ -Â fitness center; Structural TypesÂ -Â highrise; Architectural StyleÂ -Â postmodern; MaterialsÂ -Â glassÂ -Â steelÂ -Â concrete,Sheldon Adelson,,,,,,,,,,,,,,,,,
Las Vegas,Sands Expo Parking Garage,http://skyscraperpage.com/diagrams/images/84335.gif,http://skyscraperpage.com/cities/?buildingID=47440,2005,2006,15,Building UsesÂ -Â parking garage; Structural TypesÂ -Â highrise; Architectural StyleÂ -Â modern; MaterialsÂ -Â steelÂ -Â concrete,Sheldon Adelson,,,,,,,,,,,,,,,,,
Las Vegas,The Venetian Resort Hotel & Casino,http://skyscraperpage.com/diagrams/images/30015.gif,http://skyscraperpage.com/cities/?buildingID=7106,1997,1999,40,Building UsesÂ -Â hotelÂ -Â casinoÂ -Â restaurantÂ -Â retailÂ -Â fitness center; Structural TypesÂ -Â highrise; Architectural StyleÂ -Â postmodern; MaterialsÂ -Â glassÂ -Â steelÂ -Â concrete,Sheldon Adelson,,,,,,,,,,,,,,,,,
Las Vegas,Venetian - Campanile Tower,http://skyscraperpage.com/diagrams/images/58906.gif,http://skyscraperpage.com/cities/?buildingID=4328,1997,1998,10,Building UsesÂ -Â monumentÂ -Â retail; Structural TypesÂ -Â tower,Sheldon Adelson,,,,,,,,,,,,,,,,,
Las Vegas,Venezia Tower at the Venetian,http://skyscraperpage.com/diagrams/images/30014.gif,http://skyscraperpage.com/cities/?buildingID=25461,2001,2003,24,Building UsesÂ -Â hotelÂ -Â parking garage; Structural TypesÂ -Â highrise; Architectural StyleÂ -Â postmodern; MaterialsÂ -Â glassÂ -Â steelÂ -Â concrete,Sheldon Adelson,,,,,,,,,,,,,,,,,
Las Vegas,Encore at Wynn Las Vegas,http://skyscraperpage.com/diagrams/images/58827.gif,http://skyscraperpage.com/cities/?buildingID=33675,2006,2008,50,Building UsesÂ -Â hotelÂ -Â casinoÂ -Â parking garageÂ -Â restaurantÂ -Â retail; Structural TypesÂ -Â highrise; Architectural StyleÂ -Â modern; MaterialsÂ -Â glass,Steve Wynn,,,,,,,,,,,,,,,,,
Las Vegas,Wynn Las Vegas,http://skyscraperpage.com/diagrams/images/58828.gif,http://skyscraperpage.com/cities/?buildingID=10295,2002,2005,48,Building UsesÂ -Â hotelÂ -Â casinoÂ -Â restaurantÂ -Â retailÂ -Â theatre; Structural TypesÂ -Â highrise; Architectural StyleÂ -Â modern,Steve Wynn,,,,,,,,,,,,,,,,,
Atlantic City,Tropicana Casino & Resort West Tower,http://skyscraperpage.com/diagrams/images/15968.gif,http://skyscraperpage.com/cities/?buildingID=17527,null,1980,32,Building UsesÂ -Â hotelÂ -Â casino; Structural TypesÂ -Â highrise,Tropicana,,,,,,,,,,,,,,,,,
Las Vegas,Turnberry Place Tower Four,http://skyscraperpage.com/diagrams/images/38631.gif,http://skyscraperpage.com/cities/?buildingID=4596,2004,2006,38,Building UsesÂ -Â residential; Structural TypesÂ -Â highrise; Architectural StyleÂ -Â postmodern; MaterialsÂ -Â glass,Turnberry,,,,,,,,,,,,,,,,,
Las Vegas,Turnberry Place Tower One,http://skyscraperpage.com/diagrams/images/38634.gif,http://skyscraperpage.com/cities/?buildingID=4851,1999,2001,38,Building UsesÂ -Â residential; Structural TypesÂ -Â highrise; Architectural StyleÂ -Â postmodern; MaterialsÂ -Â glass,Turnberry,,,,,,,,,,,,,,,,,
Las Vegas,Turnberry Place Tower Three,http://skyscraperpage.com/diagrams/images/38632.gif,http://skyscraperpage.com/cities/?buildingID=4600,2002,2004,38,Building UsesÂ -Â residential; Structural TypesÂ -Â highrise; Architectural StyleÂ -Â postmodern; MaterialsÂ -Â glass,Turnberry,,,,,,,,,,,,,,,,,
Las Vegas,Turnberry Place Tower Two,http://skyscraperpage.com/diagrams/images/38633.gif,http://skyscraperpage.com/cities/?buildingID=7082,2001,2002,38,Building UsesÂ -Â residential; Structural TypesÂ -Â highrise; Architectural StyleÂ -Â postmodern; MaterialsÂ -Â glass,Turnberry,,,,,,,,,,,,,,,,,
Las Vegas,Turnberry Towers East Tower,http://skyscraperpage.com/diagrams/images/36659.gif,http://skyscraperpage.com/cities/?buildingID=25376,2005,2008,45,Building UsesÂ -Â residentialÂ -Â fitness center; Structural TypesÂ -Â highrise; Architectural StyleÂ -Â postmodern; MaterialsÂ -Â glassÂ -Â steelÂ -Â stuccoÂ -Â concrete,Turnberry,,,,,,,,,,,,,,,,,
Las Vegas,Turnberry Towers West Tower,http://skyscraperpage.com/diagrams/images/36658.gif,http://skyscraperpage.com/cities/?buildingID=33678,2006,2008,45,Building UsesÂ -Â residentialÂ -Â fitness center; Structural TypesÂ -Â highrise; Architectural StyleÂ -Â postmodern; MaterialsÂ -Â glassÂ -Â steelÂ -Â stuccoÂ -Â concrete,Turnberry,,,,,,,,,,,,,,,,,
Sunny Isles Beach,Turnberry Ocean Colony North Tower,http://skyscraperpage.com/diagrams/images/32106.gif,http://skyscraperpage.com/cities/?buildingID=35555,2003,2007,37,"Building UsesÂ -Â residential; Structural TypesÂ -Â highrise; Architectural StyleÂ -Â modern; MaterialsÂ -Â glassÂ -Â concrete, reinforced",Turnberry,,,,,,,,,,,,,,,,,
Sunny Isles Beach,Turnberry Ocean Colony South Tower,http://skyscraperpage.com/diagrams/images/32107.gif,http://skyscraperpage.com/cities/?buildingID=35554,null,2004,37,"Building UsesÂ -Â residential; Structural TypesÂ -Â highrise; Architectural StyleÂ -Â modern; MaterialsÂ -Â glassÂ -Â concrete, reinforced",Turnberry,,,,,,,,,,,,,,,,,
Atlantic City,Skyline Tower,http://skyscraperpage.com/diagrams/images/41475.gif,http://skyscraperpage.com/cities/?buildingID=17600,null,1983,32,Building UsesÂ -Â hotelÂ -Â casino; Structural TypesÂ -Â highrise,Wyndham,,,,,,,,,,,,,,,,,
Mumbai,Ahuja Towers,../skyscraperpage.com/diagrams/images/83092.gif,http://skyscraperpage.com/cities/?buildingID=85423,2010,2016,54,Building Uses - residential - parking garage: Structural Types - highrise: Architectural Style - modern;;,Ahuja Group,,,,,,,,,,,,,,,,,
Makati,Alphaland Makati Place,../skyscraperpage.com/diagrams/images/85084.gif,http://skyscraperpage.com/cities/?buildingID=101022,2012,2016,55,Building Uses - residential - parking garage: Structural Types - highrise: Architectural Style - modern;;,Alphaland,,,,,,,,,,,,,,,,,
Makati,Ayala Tower One,../skyscraperpage.com/diagrams/images/6772.gif,http://skyscraperpage.com/cities/?buildingID=6774,1995,1996,35,Building Uses - office: Structural Types - highrise: Architectural Style - modern: Materials - glass - steel - concrete;;,Ayala Land,,,,,,,,,,,,,,,,,
Makati,Laguna Tower,../skyscraperpage.com/diagrams/images/38048.gif,http://skyscraperpage.com/cities/?buildingID=32473,2004,2008,48,Building Uses - residential: Structural Types - highrise: Architectural Style - postmodern: Materials - glass - concrete;;,Ayala Land,,,,,,,,,,,,,,,,,
Makati,Residences at Greenbelt - Manila Tower,../skyscraperpage.com/diagrams/images/38047.gif,http://skyscraperpage.com/cities/?buildingID=43804,2006,2008,48,Building Uses - residential: Structural Types - highrise: Architectural Style - postmodern: Materials - glass - concrete;;,Ayala Land,,,,,,,,,,,,,,,,,
Makati,Roxas Triangle - Tower One,../skyscraperpage.com/diagrams/images/67349.gif,http://skyscraperpage.com/cities/?buildingID=2741,null,2000,51,Building Uses - residential: Structural Types - highrise: Architectural Style - modern: Materials - glass - concrete;;,Ayala Land,,,,,,,,,,,,,,,,,
Makati,Garden Towers 2,../skyscraperpage.com/diagrams/images/83095.gif,http://skyscraperpage.com/cities/?buildingID=149,2013,null,52,Building Uses - residential - parking garage: Structural Types - highrise: Architectural Style - modern;;,Ayala Land,,,,,,,,,,,,,,,,,
Makati,Roxas Triangle Tower 2,../skyscraperpage.com/diagrams/images/6613.gif,http://skyscraperpage.com/cities/?buildingID=2742,null,null,53,Building Uses - residential: Structural Types - highrise;;,Ayala Land,,,,,,,,,,,,,,,,,
Makati,Residences at Greenbelt - San Lorenzo Tower,../skyscraperpage.com/diagrams/images/58090.gif,http://skyscraperpage.com/cities/?buildingID=43805,2006,2009,58,Building Uses - residential - parking garage - retail: Structural Types - highrise: Architectural Style - postmodern: Materials - glass - concrete;;,Ayala Land,,,,,,,,,,,,,,,,,
Makati,Garden Towers 1,../skyscraperpage.com/diagrams/images/83094.gif,http://skyscraperpage.com/cities/?buildingID=28478,2012,null,60,Building Uses - residential - parking garage: Structural Types - highrise: Architectural Style - modern;;,Ayala Land,,,,,,,,,,,,,,,,,
Makati,Zuellig Building,../skyscraperpage.com/diagrams/images/67355.gif,http://skyscraperpage.com/cities/?buildingID=86387,2010,2012,33,Building Uses - office - parking garage - retail: Structural Types - highrise: Architectural Style - modern;;,Bridgebury Realty,,,,,,,,,,,,,,,,,
Busan,Byucksan Star Apartments 103,../skyscraperpage.com/diagrams/images/86675.gif,http://skyscraperpage.com/cities/?buildingID=111866,null,2008,49,Building Uses - residential: Structural Types - highrise;;,Byucksan,,,,,,,,,,,,,,,,,
Busan,Byucksan Star Apartments 102,../skyscraperpage.com/diagrams/images/86674.gif,http://skyscraperpage.com/cities/?buildingID=111865,null,2008,50,Building Uses - residential: Structural Types - highrise;;,Byucksan,,,,,,,,,,,,,,,,,
Busan,Byucksan Star Apartments 101,../skyscraperpage.com/diagrams/images/86673.gif,http://skyscraperpage.com/cities/?buildingID=111867,null,2008,51,Building Uses - residential: Structural Types - highrise;;,Byucksan,,,,,,,,,,,,,,,,,
Makati,Forbes Towers,../skyscraperpage.com/diagrams/images/38116.gif,http://skyscraperpage.com/cities/?buildingID=43637,null,null,42,Building Uses - mixed use - hotel - residential - restaurant - retail - fitness center: Structural Types - highrise - hole - sign: Architectural Style - modern: Materials - glass - steel - concrete;;,Century Properties,,,,,,,,,,,,,,,,,
Makati,Trump Tower Manila,../skyscraperpage.com/diagrams/images/71311.gif,http://skyscraperpage.com/cities/?buildingID=97771,2012,null,58,Building Uses - residential - parking garage - restaurant - retail: Structural Types - highrise: Architectural Style - modern;;,Century Properties,license,,,,,,,,,,,,,,,,
Makati,Knightsbridge Residences,../skyscraperpage.com/diagrams/images/75446.gif,http://skyscraperpage.com/cities/?buildingID=83464,2009,2014,60,Building Uses - residential: Structural Types - highrise: Architectural Style - international: Materials - glass;;,Century Properties,,,,,,,,,,,,,,,,,
Makati,Gramercy Residences,../skyscraperpage.com/diagrams/images/62866.gif,http://skyscraperpage.com/cities/?buildingID=83463,2007,2013,68,Building Uses - residential: Structural Types - highrise: Architectural Style - modern: Materials - glass - steel;;,Century Properties,,,,,,,,,,,,,,,,,
Makati,The Stratford Residences,../skyscraperpage.com/diagrams/images/85045.gif,http://skyscraperpage.com/cities/?buildingID=83465,2012,null,76,Building Uses - residential - office - parking garage - restaurant - retail: Structural Types - highrise: Architectural Style - structural expressionism;;,Century Properties,,,,,,,,,,,,,,,,,
Seoul,Daelim Acrotel,../skyscraperpage.com/diagrams/images/60988.gif,http://skyscraperpage.com/cities/?buildingID=72937,null,1999,33,Building Uses - office: Structural Types - highrise;;,Daelim Industrial,,,,,,,,,,,,,,,,,
Seoul,Daelim Acroriver: Tower A,../skyscraperpage.com/diagrams/images/61071.gif,http://skyscraperpage.com/cities/?buildingID=84471,null,2004,37,Building Uses - residential: Structural Types - highrise;;,Daelim Industrial,,,,,,,,,,,,,,,,,
Seoul,Daesang Acrovista: Tower C,../skyscraperpage.com/diagrams/images/62699.gif,http://skyscraperpage.com/cities/?buildingID=84448,null,2004,37,Building Uses - residential: Structural Types - highrise: Architectural Style - modern;;,Daelim Industrial,,,,,,,,,,,,,,,,,
Seoul,Daesang Acrovista: Tower B,../skyscraperpage.com/diagrams/images/62700.gif,http://skyscraperpage.com/cities/?buildingID=84447,null,2004,37,Building Uses - residential: Structural Types - highrise: Architectural Style - modern;;,Daelim Industrial,,,,,,,,,,,,,,,,,
Seoul,Daelim Acrovill 2,../skyscraperpage.com/diagrams/images/64539.gif,http://skyscraperpage.com/cities/?buildingID=540,1996,1999,46,Building Uses - office: Structural Types - highrise;;,Daelim Industrial,,,,,,,,,,,,,,,,,
Seoul,Daelim Acrovill 1,../skyscraperpage.com/diagrams/images/64540.gif,http://skyscraperpage.com/cities/?buildingID=2531,null,1999,46,Building Uses - residential: Structural Types - highrise;;,Daelim Industrial,,,,,,,,,,,,,,,,,
Seoul,Acro Seoul Forest 2,../skyscraperpage.com/diagrams/images/62619.gif,http://skyscraperpage.com/cities/?buildingID=71729,2017,null,48,Building Uses - residential: Structural Types - highrise;;,Daelim Industrial,,,,,,,,,,,,,,,,,
Seoul,Acro Seoul Forest 1,../skyscraperpage.com/diagrams/images/62620.gif,http://skyscraperpage.com/cities/?buildingID=71728,2017,null,48,Building Uses - residential: Structural Types - highrise;;,Daelim Industrial,,,,,,,,,,,,,,,,,
Busan,Busan International Finance Center - The Landmark Tower,../skyscraperpage.com/diagrams/images/85470.gif,http://skyscraperpage.com/cities/?buildingID=86175,2010,2014,63,Building Uses - office - parking garage - retail: Structural Types - highrise: Architectural Style - modern;;,Daelim Industrial,,,,,,,,,,,,,,,,,
Seoul,Shindorim Daeseong D-Cube City Tower 2,../skyscraperpage.com/diagrams/images/69510.gif,http://skyscraperpage.com/cities/?buildingID=84341,2008,2011,51,Building Uses - residential - restaurant - retail: Structural Types - highrise: Architectural Style - modern;;,Daesung,,,,,,,,,,,,,,,,,
Seoul,Shindorim Daeseong D-Cube City Tower 1,../skyscraperpage.com/diagrams/images/69509.gif,http://skyscraperpage.com/cities/?buildingID=84340,2008,2011,51,Building Uses - residential - restaurant - retail: Structural Types - highrise: Architectural Style - modern;;,Daesung,,,,,,,,,,,,,,,,,
Seoul,Daewoo Worldmark Apartments B,../skyscraperpage.com/diagrams/images/67479.gif,http://skyscraperpage.com/cities/?buildingID=94958,2004,2007,37,Building Uses - residential: Structural Types - highrise: Architectural Style - international - crystal prism: Materials - glass - concrete: reinforced;;,Daewoo E&C,,,,,,,,,,,,,,,,,
Seoul,Daewoo Worldmark Apartments A,../skyscraperpage.com/diagrams/images/67478.gif,http://skyscraperpage.com/cities/?buildingID=94959,2004,2007,37,Building Uses - residential: Structural Types - highrise: Architectural Style - international - crystal prism: Materials - glass - concrete: reinforced;;,Daewoo E&C,,,,,,,,,,,,,,,,,
Busan,Daewoo Haeundae Aratrium,../skyscraperpage.com/diagrams/images/86322.gif,http://skyscraperpage.com/cities/?buildingID=84616,2011,2013,42,Building Uses - mixed use - office - residential: Structural Types - highrise: Architectural Style - postmodern;;,Daewoo E&C,,,,,,,,,,,,,,,,,
Seoul,Daewoo Trumpworld Two Tower 2,../skyscraperpage.com/diagrams/images/30305.gif,http://skyscraperpage.com/cities/?buildingID=12373,1999,2002,36,Building Uses - residential: Structural Types - highrise;;,Daewoo E&C - Trump,license,,,,,,,,,,,,,,,,
Seoul,Daewoo Trumpworld Two Tower 1,../skyscraperpage.com/diagrams/images/17643.gif,http://skyscraperpage.com/cities/?buildingID=12475,1999,2002,36,Building Uses - residential: Structural Types - highrise;;,Daewoo E&C - Trump,license,,,,,,,,,,,,,,,,
Seoul,Daewoo Trumpworld One,../skyscraperpage.com/diagrams/images/17293.gif,http://skyscraperpage.com/cities/?buildingID=12503,1999,2002,41,Building Uses - residential: Structural Types - highrise;;,Daewoo E&C - Trump,license,,,,,,,,,,,,,,,,
Busan,Daewoo Trumpworld Centum B,../skyscraperpage.com/diagrams/images/62681.gif,http://skyscraperpage.com/cities/?buildingID=86823,2004,2007,39,Building Uses - residential: Structural Types - highrise;;,Daewoo E&C - Trump,license,,,,,,,,,,,,,,,,
Busan,Daewoo Trumpworld Centum A,../skyscraperpage.com/diagrams/images/62682.gif,http://skyscraperpage.com/cities/?buildingID=86822,2004,2007,39,Building Uses - residential: Structural Types - highrise;;,Daewoo E&C - Trump,license,,,,,,,,,,,,,,,,
Mumbai,Orchid Heights Tower B,../skyscraperpage.com/diagrams/images/78914.gif,http://skyscraperpage.com/cities/?buildingID=87955,2010,null,49,Building Uses - residential - parking garage: Structural Types - highrise: Architectural Style - modern;;,DB Realty, ,,,,,,,,,,,,,,,,
Mumbai,DB Woods Tower 1,../skyscraperpage.com/diagrams/images/43460.gif,http://skyscraperpage.com/cities/?buildingID=56585,2006,2013,54,Building Uses - residential - parking garage: Structural Types - highrise: Architectural Style - postmodern;;,DB Realty,,,,,,,,,,,,,,,,,
Mumbai,DB Woods Tower 2,../skyscraperpage.com/diagrams/images/43459.gif,http://skyscraperpage.com/cities/?buildingID=56263,2006,2013,54,Building Uses - residential - parking garage: Structural Types - highrise: Architectural Style - postmodern;;,DB Realty,,,,,,,,,,,,,,,,,
Mumbai,DB Woods Tower 3,../skyscraperpage.com/diagrams/images/43458.gif,http://skyscraperpage.com/cities/?buildingID=56264,2006,2013,54,Building Uses - residential - parking garage: Structural Types - highrise: Architectural Style - postmodern;;,DB Realty,,,,,,,,,,,,,,,,,
Mumbai,Orchid Heights Tower A,../skyscraperpage.com/diagrams/images/78409.gif,http://skyscraperpage.com/cities/?buildingID=87954,2010,null,64,Building Uses - residential - parking garage - restaurant - retail: Structural Types - highrise - mall: Architectural Style - modern;;,DB Realty,,,,,,,,,,,,,,,,,
Mumbai,Orchid Crown Tower B,../skyscraperpage.com/diagrams/images/65876.gif,http://skyscraperpage.com/cities/?buildingID=87957,2010,null,68,Building Uses - residential - parking garage - restaurant - retail: Structural Types - highrise: Architectural Style - modern;;,DB Realty,,,,,,,,,,,,,,,,,
Mumbai,Orchid Crown Tower A,../skyscraperpage.com/diagrams/images/65875.gif,http://skyscraperpage.com/cities/?buildingID=87956,2010,null,72,Building Uses - residential - parking garage - restaurant - retail: Structural Types - highrise: Architectural Style - modern;;,DB Realty,,,,,,,,,,,,,,,,,
Seoul,Centreville Asterium Residential Tower 103,../skyscraperpage.com/diagrams/images/74610.gif,http://skyscraperpage.com/cities/?buildingID=128,2009,2013,25,Building Uses - residential - parking garage - restaurant - retail: Structural Types - highrise: Architectural Style - modern;;,Dongbu Corp,,,,,,,,,,,,,,,,,
Seoul,Dongbu Finance Building,../skyscraperpage.com/diagrams/images/59766.gif,http://skyscraperpage.com/cities/?buildingID=12490,null,2001,35,Building Uses - office: Structural Types - highrise;;,Dongbu Corp,,,,,,,,,,,,,,,,,
Seoul,Centreville Asterium Office Tower,../skyscraperpage.com/diagrams/images/74613.gif,http://skyscraperpage.com/cities/?buildingID=61083,2009,2013,35,Building Uses - office - parking garage - restaurant - retail: Structural Types - highrise: Architectural Style - modern;;,Dongbu Corp,,,,,,,,,,,,,,,,,
Seoul,Centreville Asterium Residential Tower 102,../skyscraperpage.com/diagrams/images/74611.gif,http://skyscraperpage.com/cities/?buildingID=17573,2009,2013,35,Building Uses - residential - parking garage - restaurant - retail: Structural Types - highrise: Architectural Style - modern;;,Dongbu Corp,,,,,,,,,,,,,,,,,
Seoul,Centreville Asterium Residential Tower 101,../skyscraperpage.com/diagrams/images/74612.gif,http://skyscraperpage.com/cities/?buildingID=6100,2009,2013,35,Building Uses - residential - parking garage - restaurant - retail: Structural Types - highrise: Architectural Style - modern;;,Dongbu Corp,,,,,,,,,,,,,,,,,
Seoul,Doosan 101 Pine Avenue Tower 1,../skyscraperpage.com/diagrams/images/62661.gif,http://skyscraperpage.com/cities/?buildingID=85832,2008,2011,25,Building Uses - office - parking garage: Structural Types - highrise: Architectural Style - modern;;,Doosan E&C,,,,,,,,,,,,,,,,,
Seoul,Doosan 101 Pine Avenue Tower 2,../skyscraperpage.com/diagrams/images/62658.gif,http://skyscraperpage.com/cities/?buildingID=85833,2008,2011,25,Building Uses - office - parking garage: Structural Types - highrise: Architectural Style - modern;;,Doosan E&C,,,,,,,,,,,,,,,,,
Seoul,Doosan Tower,../skyscraperpage.com/diagrams/images/16759.gif,http://skyscraperpage.com/cities/?buildingID=3328,null,1999,34,Building Uses - office: Structural Types - highrise;;,Doosan E&C,,,,,,,,,,,,,,,,,
Busan,Haeundae Weve The Zenith Tower 3,../skyscraperpage.com/diagrams/images/65003.gif,http://skyscraperpage.com/cities/?buildingID=84518,2007,2011,70,Building Uses - residential: Structural Types - highrise;;,Doosan E&C,,,,,,,,,,,,,,,,,
Busan,Haeundae Weve The Zenith Tower 2,../skyscraperpage.com/diagrams/images/65002.gif,http://skyscraperpage.com/cities/?buildingID=84517,2007,2011,75,Building Uses - residential: Structural Types - highrise;;,Doosan E&C,,,,,,,,,,,,,,,,,
Busan,Haeundae Weve The Zenith Tower 1,../skyscraperpage.com/diagrams/images/65001.gif,http://skyscraperpage.com/cities/?buildingID=84516,2007,2011,80,Building Uses - residential: Structural Types - highrise;;,Doosan E&C,,,,,,,,,,,,,,,,,
Makati,G.T. International Tower,../skyscraperpage.com/diagrams/images/67351.gif,http://skyscraperpage.com/cities/?buildingID=4056,2001,2002,47,Building Uses - office: Structural Types - highrise: Architectural Style - modern: Materials - glass - steel - concrete;;,Federal Land,,,,,,,,,,,,,,,,,
Makati,PBCom Tower,../skyscraperpage.com/diagrams/images/67354.gif,http://skyscraperpage.com/cities/?buildingID=1320,1998,2000,55,Building Uses - office - communication - garden - parking garage - restaurant: Structural Types - highrise - landing pad - pole: Architectural Style - postmodern: Materials - glass - steel - concrete: reinforced;;,Filinvest Land,,,,,,,,,,,,,,,,,
Mumbai,Planet Godrej,../skyscraperpage.com/diagrams/images/33767.gif,http://skyscraperpage.com/cities/?buildingID=37204,2005,2009,51,Building Uses - residential: Structural Types - highrise;;,Godrej Properties,,,,,,,,,,,,,,,,,
Seoul,LG Dadong Building,../skyscraperpage.com/diagrams/images/62001.gif,http://skyscraperpage.com/cities/?buildingID=12529,null,1984,17,Building Uses - office: Structural Types - highrise;;,GS E&C,,,,,,,,,,,,,,,,,
Seoul,LG Shindorim Xii 102,../skyscraperpage.com/diagrams/images/62413.gif,http://skyscraperpage.com/cities/?buildingID=79451,null,2004,31,Building Uses - residential: Structural Types - highrise;;,GS E&C,,,,,,,,,,,,,,,,,
Seoul,LG Shindorim Xii 101,../skyscraperpage.com/diagrams/images/62412.gif,http://skyscraperpage.com/cities/?buildingID=79450,null,2004,31,Building Uses - residential: Structural Types - highrise;;,GS E&C,,,,,,,,,,,,,,,,,
Seoul,LG Shindorim Xii 103,../skyscraperpage.com/diagrams/images/62411.gif,http://skyscraperpage.com/cities/?buildingID=79452,null,2004,31,Building Uses - residential: Structural Types - highrise;;,GS E&C,,,,,,,,,,,,,,,,,
Seoul,LG Twin Towers,../skyscraperpage.com/diagrams/images/17181.gif,http://skyscraperpage.com/cities/?buildingID=2423,1983,1987,34,Building Uses - office: Structural Types - highrise;;,GS E&C,,,,,,,,,,,,,,,,,
Seoul,LG Gangnam Tower,../skyscraperpage.com/diagrams/images/18388.gif,http://skyscraperpage.com/cities/?buildingID=3817,null,1998,38,Building Uses - office: Structural Types - highrise: Architectural Style - modern;;,GS E&C,,,,,,,,,,,,,,,,,
Seoul,Three International Finance Center,../skyscraperpage.com/diagrams/images/67474.gif,http://skyscraperpage.com/cities/?buildingID=73875,2007,2012,55,Building Uses - office: Structural Types - highrise: Architectural Style - modern;;,GS E&C,,,,,,,,,,,,,,,,,
Mumbai,Odyssey I,../skyscraperpage.com/diagrams/images/28002.gif,http://skyscraperpage.com/cities/?buildingID=32561,null,null,27,Building Uses - residential: Structural Types - highrise;;,Hiranandani,,,,,,,,,,,,,,,,,
Mumbai,Odyssey II,../skyscraperpage.com/diagrams/images/28003.gif,http://skyscraperpage.com/cities/?buildingID=32558,null,null,28,Building Uses - residential: Structural Types - highrise;;,Hiranandani,,,,,,,,,,,,,,,,,
Mumbai,Octavius,../skyscraperpage.com/diagrams/images/61412.gif,http://skyscraperpage.com/cities/?buildingID=38128,null,2007,33,Building Uses - residential: Structural Types - highrise;;,Hiranandani,,,,,,,,,,,,,,,,,
Mumbai,Heritage,../skyscraperpage.com/diagrams/images/37798.gif,http://skyscraperpage.com/cities/?buildingID=32551,null,2005,36,Building Uses - residential: Structural Types - highrise: Architectural Style - postmodern;;,Hiranandani,,,,,,,,,,,,,,,,,
Seoul,I-Park Tower,../skyscraperpage.com/diagrams/images/67477.gif,http://skyscraperpage.com/cities/?buildingID=94957,null,2004,15,Building Uses - mixed use: Structural Types - highrise: Architectural Style - structural expressionism: Materials - glass - concrete: reinforced;;,Hyundai E&C,,,,,,,,,,,,,,,,,
Seoul,Hyundai Marine & Fire Insurance,../skyscraperpage.com/diagrams/images/61499.gif,http://skyscraperpage.com/cities/?buildingID=12408,null,2002,20,Building Uses - office: Structural Types - highrise;;,Hyundai E&C,,,,,,,,,,,,,,,,,
Seoul,Hyundai Superville: Tower A,../skyscraperpage.com/diagrams/images/61069.gif,http://skyscraperpage.com/cities/?buildingID=12559,1999,2003,22,Building Uses - residential: Structural Types - highrise;;,Hyundai E&C,,,,,,,,,,,,,,,,,
Seoul,Hyundai Superville: Tower B,../skyscraperpage.com/diagrams/images/61070.gif,http://skyscraperpage.com/cities/?buildingID=12479,1999,2003,24,Building Uses - residential: Structural Types - highrise;;,Hyundai E&C,,,,,,,,,,,,,,,,,
Seoul,Mokdong Hyperion II: Tower 205,../skyscraperpage.com/diagrams/images/61482.gif,http://skyscraperpage.com/cities/?buildingID=84482,null,2006,31,Building Uses - residential: Structural Types - highrise: Architectural Style - modern;;,Hyundai E&C,,,,,,,,,,,,,,,,,
Seoul,Mokdong Hyperion II: Tower 203,../skyscraperpage.com/diagrams/images/61097.gif,http://skyscraperpage.com/cities/?buildingID=84480,null,2006,32,Building Uses - residential: Structural Types - highrise: Architectural Style - modern;;,Hyundai E&C,,,,,,,,,,,,,,,,,
Seoul,Mokdong Hyperion II: Tower 201,../skyscraperpage.com/diagrams/images/61096.gif,http://skyscraperpage.com/cities/?buildingID=84474,null,2006,36,Building Uses - residential: Structural Types - highrise: Architectural Style - modern;;,Hyundai E&C,,,,,,,,,,,,,,,,,
Seoul,Hyundai Superville: Tower C,../skyscraperpage.com/diagrams/images/61083.gif,http://skyscraperpage.com/cities/?buildingID=12351,1999,2003,37,Building Uses - residential: Structural Types - highrise;;,Hyundai E&C,,,,,,,,,,,,,,,,,
Seoul,I-Park Tower 102,../skyscraperpage.com/diagrams/images/32169.gif,http://skyscraperpage.com/cities/?buildingID=12459,null,2004,39,Building Uses - residential: Structural Types - highrise;;,Hyundai E&C,,,,,,,,,,,,,,,,,
Seoul,Mokdong Hyperion II: Tower 206,../skyscraperpage.com/diagrams/images/61085.gif,http://skyscraperpage.com/cities/?buildingID=84464,null,2006,40,Building Uses - residential: Structural Types - highrise: Architectural Style - modern;;,Hyundai E&C,,,,,,,,,,,,,,,,,
Seoul,Mokdong Hyperion II: Tower 202,../skyscraperpage.com/diagrams/images/61084.gif,http://skyscraperpage.com/cities/?buildingID=84465,null,2006,40,Building Uses - residential: Structural Types - highrise: Architectural Style - modern;;,Hyundai E&C,,,,,,,,,,,,,,,,,
Seoul,Hyundai 41 Tower,../skyscraperpage.com/diagrams/images/16641.gif,http://skyscraperpage.com/cities/?buildingID=12407,null,2001,41,Building Uses - mixed use: Structural Types - highrise;;,Hyundai E&C,,,,,,,,,,,,,,,,,
Seoul,I-Park Tower 101,../skyscraperpage.com/diagrams/images/32168.gif,http://skyscraperpage.com/cities/?buildingID=12488,null,2004,45,Building Uses - residential: Structural Types - highrise;;,Hyundai E&C,,,,,,,,,,,,,,,,,
Seoul,Hyundai Superville: Tower D,../skyscraperpage.com/diagrams/images/61082.gif,http://skyscraperpage.com/cities/?buildingID=12455,1999,2003,46,Building Uses - residential: Structural Types - highrise;;,Hyundai E&C,,,,,,,,,,,,,,,,,
Seoul,I-Park Tower 103,../skyscraperpage.com/diagrams/images/32167.gif,http://skyscraperpage.com/cities/?buildingID=12473,null,2004,46,Building Uses - residential: Structural Types - highrise;;,Hyundai E&C,,,,,,,,,,,,,,,,,
Seoul,Mok-dong Hyperion Towers,../skyscraperpage.com/diagrams/images/19762.gif,http://skyscraperpage.com/cities/?buildingID=4301,1999,2003,69,Building Uses - residential: Structural Types - highrise: Architectural Style - modern: Materials - concrete: reinforced;;,Hyundai E&C,,,,,,,,,,,,,,,,,
Busan,Haeundae Hyperion: Tower A,../skyscraperpage.com/diagrams/images/61306.gif,http://skyscraperpage.com/cities/?buildingID=84522,null,2006,40,Building Uses - residential: Structural Types - highrise: Architectural Style - modern;;,Hyundai E&C,,,,,,,,,,,,,,,,,
Busan,Haeundae Hyperion: Tower B,../skyscraperpage.com/diagrams/images/61276.gif,http://skyscraperpage.com/cities/?buildingID=84519,null,2006,41,Building Uses - residential: Structural Types - highrise: Architectural Style - modern;;,Hyundai E&C,,,,,,,,,,,,,,,,,
Busan,Haeundae IPark Marina Tower 1,../skyscraperpage.com/diagrams/images/65023.gif,http://skyscraperpage.com/cities/?buildingID=85568,2007,2011,66,Building Uses - mixed use: Structural Types - highrise;;,Hyundai E&C,,,,,,,,,,,,,,,,,
Busan,Haeundae IPark Marina Tower 2,../skyscraperpage.com/diagrams/images/65022.gif,http://skyscraperpage.com/cities/?buildingID=84356,2007,2011,72,Building Uses - residential: Structural Types - highrise;;,Hyundai E&C,,,,,,,,,,,,,,,,,
Makati,LKG Tower,../skyscraperpage.com/diagrams/images/67350.gif,http://skyscraperpage.com/cities/?buildingID=113,1995,2000,45,Building Uses - office: Structural Types - highrise: Architectural Style - modern: Materials - glass - concrete;;,ICEC Land,,,,,,,,,,,,,,,,,
Mumbai,Indiabulls Sky Forest,../skyscraperpage.com/diagrams/images/70588.gif,http://skyscraperpage.com/cities/?buildingID=90405,2010,null,80,Building Uses - residential - parking garage - retail: Structural Types - highrise: Architectural Style - modern;;,Indiabulls,,,,,,,,,,,,,,,,,
Busan,THE-W 101,../skyscraperpage.com/diagrams/images/85244.gif,http://skyscraperpage.com/cities/?buildingID=100765,2015,null,69,Building Uses - residential - parking garage: Structural Types - highrise: Architectural Style - postmodern;;,IS Dongseo,,,,,,,,,,,,,,,,,
Busan,THE-W 103,../skyscraperpage.com/diagrams/images/85242.gif,http://skyscraperpage.com/cities/?buildingID=100767,2015,null,69,Building Uses - residential - parking garage: Structural Types - highrise: Architectural Style - postmodern;;,IS Dongseo,,,,,,,,,,,,,,,,,
Busan,THE-W 102,../skyscraperpage.com/diagrams/images/85243.gif,http://skyscraperpage.com/cities/?buildingID=100766,2015,null,69,Building Uses - residential - parking garage: Structural Types - highrise: Architectural Style - postmodern;;,IS Dongseo,,,,,,,,,,,,,,,,,
Busan,THE-W 104,../skyscraperpage.com/diagrams/images/85240.gif,http://skyscraperpage.com/cities/?buildingID=100768,2015,null,69,Building Uses - residential - parking garage: Structural Types - highrise: Architectural Style - postmodern;;,IS Dongseo,,,,,,,,,,,,,,,,,
Mumbai,Namaste Tower,../skyscraperpage.com/diagrams/images/80332.gif,http://skyscraperpage.com/cities/?buildingID=92305,2011,null,62,Building Uses - mixed use - hotel - office - parking garage - restaurant - retail: Structural Types - highrise: Architectural Style - futurism;;,Jaguar Buildcon,,,,,,,,,,,,,,,,,
Mumbai,Kalpataru Heights,../skyscraperpage.com/diagrams/images/6867.gif,http://skyscraperpage.com/cities/?buildingID=6869,null,2000,39,Building Uses - residential: Structural Types - highrise;;,Kalpataru Limited,,,,,,,,,,,,,,,,,
Mumbai,Challenger Tower 4,../skyscraperpage.com/diagrams/images/12280.gif,http://skyscraperpage.com/cities/?buildingID=9178,null,1999,30,Building Uses - residential: Structural Types - highrise;;,Kanakia Spaces,,,,,,,,,,,,,,,,,
Mumbai,Challenger Tower 1,../skyscraperpage.com/diagrams/images/12277.gif,http://skyscraperpage.com/cities/?buildingID=9175,null,1999,30,Building Uses - residential: Structural Types - highrise;;,Kanakia Spaces,,,,,,,,,,,,,,,,,
Mumbai,Challenger Tower 2,../skyscraperpage.com/diagrams/images/12278.gif,http://skyscraperpage.com/cities/?buildingID=9176,null,1999,30,Building Uses - residential: Structural Types - highrise;;,Kanakia Spaces,,,,,,,,,,,,,,,,,
Mumbai,Challenger Tower 3,../skyscraperpage.com/diagrams/images/12279.gif,http://skyscraperpage.com/cities/?buildingID=9177,null,1999,30,Building Uses - residential: Structural Types - highrise;;,Kanakia Spaces,,,,,,,,,,,,,,,,,
Makati,Enterprise Center - Tower Two,../skyscraperpage.com/diagrams/images/67347.gif,http://skyscraperpage.com/cities/?buildingID=5053,1998,2001,30,Building Uses - office: Structural Types - highrise: Architectural Style - postmodern: Materials - glass - steel - concrete;;,KSA Realty,,,,,,,,,,,,,,,,,
Makati,Enterprise Center - Tower One,../skyscraperpage.com/diagrams/images/67348.gif,http://skyscraperpage.com/cities/?buildingID=5124,1998,2001,40,Building Uses - office: Structural Types - highrise: Architectural Style - postmodern: Materials - glass - steel - concrete;;,KSA Realty,,,,,,,,,,,,,,,,,
Seoul,Kumho Richensia Yongsan Tower A,../skyscraperpage.com/diagrams/images/78483.gif,http://skyscraperpage.com/cities/?buildingID=85094,2007,2010,26,Building Uses - residential - parking garage - retail: Structural Types - highrise: Architectural Style - modern;;,Kumho Asiana,,,,,,,,,,,,,,,,,
Seoul,Kumho Richensia Yongsan Tower C,../skyscraperpage.com/diagrams/images/78485.gif,http://skyscraperpage.com/cities/?buildingID=85096,2007,2010,26,Building Uses - residential - parking garage - retail: Structural Types - highrise: Architectural Style - modern;;,Kumho Asiana,,,,,,,,,,,,,,,,,
Seoul,Kumho Richensia Yongsan Tower B,../skyscraperpage.com/diagrams/images/78484.gif,http://skyscraperpage.com/cities/?buildingID=85095,2007,2010,26,Building Uses - residential - parking garage - retail: Structural Types - highrise: Architectural Style - modern;;,Kumho Asiana,,,,,,,,,,,,,,,,,
Seoul,Kumho Main Tower,../skyscraperpage.com/diagrams/images/66962.gif,http://skyscraperpage.com/cities/?buildingID=91640,2006,2008,29,Building Uses - office: Structural Types - highrise;;,Kumho Asiana,,,,,,,,,,,,,,,,,
Mumbai,Lodha Bellissimo,../skyscraperpage.com/diagrams/images/42100.gif,http://skyscraperpage.com/cities/?buildingID=50167,2006,2011,53,Building Uses - residential - parking garage: Structural Types - highrise - hole: Architectural Style - modern;;,Lodha Group,,,,,,,,,,,,,,,,,
Mumbai,World Crest,../skyscraperpage.com/diagrams/images/81314.gif,http://skyscraperpage.com/cities/?buildingID=90436,2011,null,57,Building Uses - residential - garden - parking garage - restaurant - retail: Structural Types - highrise: Architectural Style - modern;;,Lodha Group,,,,,,,,,,,,,,,,,
Mumbai,Lodha Venezia Tower B,../skyscraperpage.com/diagrams/images/83091.gif,http://skyscraperpage.com/cities/?buildingID=72923,2014,null,68,Building Uses - residential - parking garage: Structural Types - highrise: Architectural Style - modern;;,Lodha Group,,,,,,,,,,,,,,,,,
Mumbai,Lodha Venezia Tower A,../skyscraperpage.com/diagrams/images/83090.gif,http://skyscraperpage.com/cities/?buildingID=17280,2013,null,68,Building Uses - residential - parking garage: Structural Types - highrise: Architectural Style - modern;;,Lodha Group,,,,,,,,,,,,,,,,,
Mumbai,Trump Tower @ The Park,../skyscraperpage.com/diagrams/images/88528.gif,http://skyscraperpage.com/cities/?buildingID=100939,2014,null,77,Building Uses - residential - parking garage: Structural Types - highrise: Architectural Style - modern;;,Lodha Group,license,,,,,,,,,,,,,,,,
Mumbai,World View,../skyscraperpage.com/diagrams/images/81315.gif,http://skyscraperpage.com/cities/?buildingID=101095,2015,null,90,Building Uses - residential: Structural Types - highrise;;,Lodha Group,,,,,,,,,,,,,,,,,
Mumbai,World One,../skyscraperpage.com/diagrams/images/65175.gif,http://skyscraperpage.com/cities/?buildingID=86483,2011,null,117,Building Uses - residential - parking garage - retail - fitness center: Structural Types - highrise: Architectural Style - modern;;,Lodha Group,,,,,,,,,,,,,,,,,
Mumbai,Lokhandwala Minerva,../skyscraperpage.com/diagrams/images/65578.gif,http://skyscraperpage.com/cities/?buildingID=90407,2011,null,85,Building Uses - residential - parking garage: Structural Types - highrise: Architectural Style - modern;;,Lokhandwala,,,,,,,,,,,,,,,,,
Seoul,Lotte Building,../skyscraperpage.com/diagrams/images/60958.gif,http://skyscraperpage.com/cities/?buildingID=12454,null,1978,25,Building Uses - office - retail: Structural Types - highrise;;,Lotte E&C,,,,,,,,,,,,,,,,,
Seoul,Lotte Gwanak Tower,../skyscraperpage.com/diagrams/images/30457.gif,http://skyscraperpage.com/cities/?buildingID=12572,null,1996,32,Building Uses - mixed use: Structural Types - highrise;;,Lotte E&C,,,,,,,,,,,,,,,,,
Seoul,Lotte Castle Venice 102,../skyscraperpage.com/diagrams/images/79692.gif,http://skyscraperpage.com/cities/?buildingID=104518,null,2008,33,Building Uses - residential: Structural Types - highrise;;,Lotte E&C,,,,,,,,,,,,,,,,,
Seoul,Lotte Castle Venice 105,../skyscraperpage.com/diagrams/images/79695.gif,http://skyscraperpage.com/cities/?buildingID=104521,null,2008,33,Building Uses - residential: Structural Types - highrise;;,Lotte E&C,,,,,,,,,,,,,,,,,
Seoul,Lotte Castle Venice 101,../skyscraperpage.com/diagrams/images/79691.gif,http://skyscraperpage.com/cities/?buildingID=104517,null,2008,33,Building Uses - residential: Structural Types - highrise;;,Lotte E&C,,,,,,,,,,,,,,,,,
Seoul,Lotte Castle Venice 104,../skyscraperpage.com/diagrams/images/79694.gif,http://skyscraperpage.com/cities/?buildingID=104520,null,2008,33,Building Uses - residential: Structural Types - highrise;;,Lotte E&C,,,,,,,,,,,,,,,,,
Seoul,Lotte Castle Venice 103,../skyscraperpage.com/diagrams/images/79693.gif,http://skyscraperpage.com/cities/?buildingID=104519,null,2008,33,Building Uses - residential: Structural Types - highrise;;,Lotte E&C,,,,,,,,,,,,,,,,,
Seoul,Hotel Lotte World,../skyscraperpage.com/diagrams/images/4227.gif,http://skyscraperpage.com/cities/?buildingID=4229,null,1990,33,Building Uses - hotel: Structural Types - highrise;;,Lotte E&C,,,,,,,,,,,,,,,,,
Seoul,Hotel Lotte Downtown,../skyscraperpage.com/diagrams/images/61033.gif,http://skyscraperpage.com/cities/?buildingID=12449,null,1979,37,Building Uses - hotel: Structural Types - highrise;;,Lotte E&C,,,,,,,,,,,,,,,,,
Seoul,Lotte Sky Tower,../skyscraperpage.com/diagrams/images/60967.gif,http://skyscraperpage.com/cities/?buildingID=84473,null,1997,37,Building Uses - residential - parking garage - retail: Structural Types - highrise: Architectural Style - modern;;,Lotte E&C,,,,,,,,,,,,,,,,,
Seoul,Lotte Castle Gold Tower [1];http://skyscraperpage.com/diagrams/images/30301.gif,../skyscraperpage.com/cities/?buildingID=12448,2001,2006,39,Building Uses - mixed use - office - residential: Structural Types - highrise;;,,Lotte E&C,,,,,,,,,,,,,,,,,
Seoul,Lotte World Tower,../skyscraperpage.com/diagrams/images/88825.gif,http://skyscraperpage.com/cities/?buildingID=84323,2011,2017,123,Building Uses - mixed use - hotel - office - parking garage - residential - restaurant - retail: Structural Types - highrise: Architectural Style - postmodern;;,Lotte E&C,,,,,,,,,,,,,,,,,
Busan,Lotte Hotel Busan,../skyscraperpage.com/diagrams/images/5557.gif,http://skyscraperpage.com/cities/?buildingID=5559,null,1995,43,Building Uses - hotel: Structural Types - highrise;;,Lotte E&C,,,,,,,,,,,,,,,,,
Mumbai,Belvedere Court,../skyscraperpage.com/diagrams/images/19336.gif,http://skyscraperpage.com/cities/?buildingID=3414,null,2000,40,Building Uses - residential: Structural Types - highrise;;,Mahindra Lifespaces,,,,,,,,,,,,,,,,,
Makati,The World Centre,../skyscraperpage.com/diagrams/images/43416.gif,http://skyscraperpage.com/cities/?buildingID=32461,null,1995,30,Building Uses - office: Structural Types - highrise: Architectural Style - modern: Materials - glass - steel - concrete;;,Megaworld,,,,,,,,,,,,,,,,,
Makati,Petron Megaplaza,../skyscraperpage.com/diagrams/images/37886.gif,http://skyscraperpage.com/cities/?buildingID=1080,null,1998,45,Building Uses - office: Structural Types - highrise: Architectural Style - postmodern: Materials - glass - steel - concrete;;,Megaworld,,,,,,,,,,,,,,,,,
Makati,Two & Three Central Tower 1,../skyscraperpage.com/diagrams/images/84683.gif,http://skyscraperpage.com/cities/?buildingID=101021,2012,null,51,Building Uses - residential - parking garage - retail: Structural Types - highrise: Architectural Style - postmodern;;,Megaworld,,,,,,,,,,,,,,,,,
Makati,Pacific Plaza Condominiums,../skyscraperpage.com/diagrams/images/38115.gif,http://skyscraperpage.com/cities/?buildingID=43635,null,1992,44,Building Uses - residential: Structural Types - highrise: Architectural Style - postmodern: Materials - glass - concrete;;,Metro Pacific,,,,,,,,,,,,,,,,,
Makati,Salcedo Park Apartments One,../skyscraperpage.com/diagrams/images/38160.gif,http://skyscraperpage.com/cities/?buildingID=44040,null,null,41,Building Uses - residential: Structural Types - highrise: Architectural Style - modern: Materials - glass - steel - concrete;;,Nobleland,,,,,,,,,,,,,,,,,
Makati,Salcedo Park Apartments Two,../skyscraperpage.com/diagrams/images/38159.gif,http://skyscraperpage.com/cities/?buildingID=43632,null,null,45,Building Uses - residential: Structural Types - highrise: Architectural Style - modern: Materials - glass - steel - concrete;;,Nobleland,,,,,,,,,,,,,,,,,
Mumbai,Oberoi Skyheights Tower 1,../skyscraperpage.com/diagrams/images/36922.gif,http://skyscraperpage.com/cities/?buildingID=37212,null,2009,35,Building Uses - residential: Structural Types - highrise;;,Oberoi Realty,,,,,,,,,,,,,,,,,
Mumbai,Oberoi Spas Tower II,../skyscraperpage.com/diagrams/images/37633.gif,http://skyscraperpage.com/cities/?buildingID=43223,null,2008,40,Building Uses - residential: Structural Types - highrise: Architectural Style - modern;;,Oberoi Realty,,,,,,,,,,,,,,,,,
Mumbai,Oberoi Woods Tower II,../skyscraperpage.com/diagrams/images/37583.gif,http://skyscraperpage.com/cities/?buildingID=37216,null,2007,40,Building Uses - residential: Structural Types - highrise: Architectural Style - modern;;,Oberoi Realty,,,,,,,,,,,,,,,,,
Mumbai,Oberoi Spas Tower I,../skyscraperpage.com/diagrams/images/37634.gif,http://skyscraperpage.com/cities/?buildingID=43220,null,2008,40,Building Uses - residential: Structural Types - highrise: Architectural Style - modern;;,Oberoi Realty,,,,,,,,,,,,,,,,,
Mumbai,Oberoi Spas Tower III,../skyscraperpage.com/diagrams/images/37632.gif,http://skyscraperpage.com/cities/?buildingID=43224,null,2008,40,Building Uses - residential: Structural Types - highrise: Architectural Style - modern;;,Oberoi Realty,,,,,,,,,,,,,,,,,
Mumbai,Oberoi Woods Tower III,../skyscraperpage.com/diagrams/images/37582.gif,http://skyscraperpage.com/cities/?buildingID=37217,null,2007,40,Building Uses - residential: Structural Types - highrise: Architectural Style - modern;;,Oberoi Realty,,,,,,,,,,,,,,,,,
Mumbai,Oberoi Woods Tower I,../skyscraperpage.com/diagrams/images/37584.gif,http://skyscraperpage.com/cities/?buildingID=37214,null,2007,40,Building Uses - residential: Structural Types - highrise: Architectural Style - modern;;,Oberoi Realty,,,,,,,,,,,,,,,,,
Mumbai,Three Sixty West Tower A,../skyscraperpage.com/diagrams/images/83049.gif,http://skyscraperpage.com/cities/?buildingID=96502,2011,null,50,Building Uses - mixed use - hotel - office - parking garage - retail: Structural Types - highrise: Architectural Style - modern;;,Oberoi Realty,,,,,,,,,,,,,,,,,
Mumbai,Three Sixty West Tower B,../skyscraperpage.com/diagrams/images/87449.gif,http://skyscraperpage.com/cities/?buildingID=96503,2011,null,82,Building Uses - residential - parking garage - retail: Structural Types - highrise: Architectural Style - modern;;,Oberoi Realty,,,,,,,,,,,,,,,,,
Mumbai,Omkar Worli Tower 3,../skyscraperpage.com/diagrams/images/88350.gif,http://skyscraperpage.com/cities/?buildingID=15408,2013,null,63,Building Uses - residential - parking garage - restaurant - retail: Structural Types - highrise: Architectural Style - postmodern;;,Omkar,,,,,,,,,,,,,,,,,
Mumbai,Omkar Worli Tower 2,../skyscraperpage.com/diagrams/images/88345.gif,http://skyscraperpage.com/cities/?buildingID=36987,2013,null,77,Building Uses - residential - parking garage - restaurant - retail: Structural Types - highrise: Architectural Style - postmodern;;,Omkar,,,,,,,,,,,,,,,,,
Mumbai,Omkar Worli Tower 1,../skyscraperpage.com/diagrams/images/88344.gif,http://skyscraperpage.com/cities/?buildingID=481,2013,null,78,Building Uses - residential - parking garage - restaurant - retail: Structural Types - highrise: Architectural Style - postmodern;;,Omkar,,,,,,,,,,,,,,,,,
Mumbai,Ashok Towers II,../skyscraperpage.com/diagrams/images/41546.gif,http://skyscraperpage.com/cities/?buildingID=42497,2004,2008,33,Building Uses - residential: Structural Types - highrise: Architectural Style - modern;;,Peninsula Land,,,,,,,,,,,,,,,,,
Mumbai,Ashok Towers IV,../skyscraperpage.com/diagrams/images/41544.gif,http://skyscraperpage.com/cities/?buildingID=42499,2004,2008,33,Building Uses - residential: Structural Types - highrise: Architectural Style - modern;;,Peninsula Land,,,,,,,,,,,,,,,,,
Mumbai,Ashok Towers III,../skyscraperpage.com/diagrams/images/41545.gif,http://skyscraperpage.com/cities/?buildingID=42498,2004,2009,33,Building Uses - residential: Structural Types - highrise: Architectural Style - modern;;,Peninsula Land,,,,,,,,,,,,,,,,,
Mumbai,Ashok Towers I,../skyscraperpage.com/diagrams/images/41543.gif,http://skyscraperpage.com/cities/?buildingID=42496,2004,2010,53,Building Uses - residential: Structural Types - highrise: Architectural Style - modern;;,Peninsula Land,,,,,,,,,,,,,,,,,
Makati,Philamlife Tower,../skyscraperpage.com/diagrams/images/37932.gif,http://skyscraperpage.com/cities/?buildingID=6912,null,1999,48,Building Uses - office: Structural Types - highrise: Architectural Style - modern: Materials - glass - concrete;;,Philam Properties,,,,,,,,,,,,,,,,,
Seoul,Posteel Tower,../skyscraperpage.com/diagrams/images/64512.gif,http://skyscraperpage.com/cities/?buildingID=22079,null,2003,28,Building Uses - office: Structural Types - highrise;;,POSCO,,,,,,,,,,,,,,,,,
Seoul,POSCO Center,../skyscraperpage.com/diagrams/images/64557.gif,http://skyscraperpage.com/cities/?buildingID=12431,null,1998,30,Building Uses - office: Structural Types - highrise;;,POSCO,,,,,,,,,,,,,,,,,
Seoul,The Sharp Star City: Tower B,../skyscraperpage.com/diagrams/images/30211.gif,http://skyscraperpage.com/cities/?buildingID=27872,2003,2006,35,Building Uses - residential: Structural Types - highrise - landing pad;;,POSCO,,,,,,,,,,,,,,,,,
Seoul,The Sharp Star City: Tower D,../skyscraperpage.com/diagrams/images/30210.gif,http://skyscraperpage.com/cities/?buildingID=27871,2003,2006,45,Building Uses - residential: Structural Types - highrise - landing pad;;,POSCO,,,,,,,,,,,,,,,,,
Seoul,The Sharp Star City: Tower C,../skyscraperpage.com/diagrams/images/30209.gif,http://skyscraperpage.com/cities/?buildingID=27870,2003,2006,50,Building Uses - residential: Structural Types - highrise - landing pad;;,POSCO,,,,,,,,,,,,,,,,,
Seoul,Gundae Posco The Star City Tower B,../skyscraperpage.com/diagrams/images/61187.gif,http://skyscraperpage.com/cities/?buildingID=85077,2006,2008,50,Building Uses - residential - parking garage - retail: Structural Types - highrise: Architectural Style - modern;;,POSCO,,,,,,,,,,,,,,,,,
Seoul,The Sharp Star City: Tower A,../skyscraperpage.com/diagrams/images/30289.gif,http://skyscraperpage.com/cities/?buildingID=27869,2003,2006,58,Building Uses - residential: Structural Types - highrise - landing pad;;,POSCO,,,,,,,,,,,,,,,,,
Seoul,Gundae Posco The Star City Tower A,../skyscraperpage.com/diagrams/images/61186.gif,http://skyscraperpage.com/cities/?buildingID=85076,2006,2008,58,Building Uses - residential - parking garage - retail: Structural Types - highrise: Architectural Style - modern;;,POSCO,,,,,,,,,,,,,,,,,
Busan,The Sharp Centum Park 205,../skyscraperpage.com/diagrams/images/85635.gif,http://skyscraperpage.com/cities/?buildingID=84523,null,2005,40,Building Uses - residential: Structural Types - highrise: Architectural Style - modern;;,POSCO,,,,,,,,,,,,,,,,,
Busan,The Sharp Centum Park 203,../skyscraperpage.com/diagrams/images/85633.gif,http://skyscraperpage.com/cities/?buildingID=84524,null,2005,40,Building Uses - residential: Structural Types - highrise: Architectural Style - modern;;,POSCO,,,,,,,,,,,,,,,,,
Busan,The Sharp Centum Park 201,../skyscraperpage.com/diagrams/images/85631.gif,http://skyscraperpage.com/cities/?buildingID=84525,null,2005,40,Building Uses - residential: Structural Types - highrise: Architectural Style - modern;;,POSCO,,,,,,,,,,,,,,,,,
Busan,The Sharp Centum Park 101,../skyscraperpage.com/diagrams/images/85617.gif,http://skyscraperpage.com/cities/?buildingID=84521,null,2005,41,Building Uses - residential: Structural Types - highrise: Architectural Style - modern;;,POSCO,,,,,,,,,,,,,,,,,
Busan,The Sharp Centum Park 103,../skyscraperpage.com/diagrams/images/85620.gif,http://skyscraperpage.com/cities/?buildingID=84520,null,2005,41,Building Uses - residential: Structural Types - highrise: Architectural Style - modern;;,POSCO,,,,,,,,,,,,,,,,,
Busan,The Sharp Centum Park 105,../skyscraperpage.com/diagrams/images/85876.gif,http://skyscraperpage.com/cities/?buildingID=111212,null,2005,41,Building Uses - residential: Structural Types - highrise;;,POSCO,,,,,,,,,,,,,,,,,
Busan,The Sharp Centum Park 111,../skyscraperpage.com/diagrams/images/85627.gif,http://skyscraperpage.com/cities/?buildingID=84512,null,2005,43,Building Uses - residential: Structural Types - highrise: Architectural Style - modern;;,POSCO,,,,,,,,,,,,,,,,,
Busan,The Sharp Centum Park 109,../skyscraperpage.com/diagrams/images/85625.gif,http://skyscraperpage.com/cities/?buildingID=84513,null,2005,43,Building Uses - residential: Structural Types - highrise: Architectural Style - modern;;,POSCO,,,,,,,,,,,,,,,,,
Busan,Seomyeon Central Star B,../skyscraperpage.com/diagrams/images/85481.gif,http://skyscraperpage.com/cities/?buildingID=110941,2007,2011,47,Building Uses - residential: Structural Types - highrise;;,POSCO,,,,,,,,,,,,,,,,,
Busan,Seomyeon Central Star E,../skyscraperpage.com/diagrams/images/85484.gif,http://skyscraperpage.com/cities/?buildingID=110944,2007,2011,47,Building Uses - residential: Structural Types - highrise;;,POSCO,,,,,,,,,,,,,,,,,
Busan,Seomyeon Central Star D,../skyscraperpage.com/diagrams/images/85483.gif,http://skyscraperpage.com/cities/?buildingID=110943,2007,2011,48,Building Uses - residential: Structural Types - highrise;;,POSCO,,,,,,,,,,,,,,,,,
Busan,The Sharp Centum Park 202,../skyscraperpage.com/diagrams/images/85632.gif,http://skyscraperpage.com/cities/?buildingID=84511,null,2005,50,Building Uses - residential: Structural Types - highrise: Architectural Style - modern;;,POSCO,,,,,,,,,,,,,,,,,
Busan,The Sharp Centum Park 204,../skyscraperpage.com/diagrams/images/85634.gif,http://skyscraperpage.com/cities/?buildingID=84509,null,2005,50,Building Uses - residential: Structural Types - highrise: Architectural Style - modern;;,POSCO,,,,,,,,,,,,,,,,,
Busan,The Sharp Centum Park 206,../skyscraperpage.com/diagrams/images/85636.gif,http://skyscraperpage.com/cities/?buildingID=84510,null,2005,50,Building Uses - residential: Structural Types - highrise: Architectural Style - modern;;,POSCO,,,,,,,,,,,,,,,,,
Busan,The Sharp Centum Park 112,../skyscraperpage.com/diagrams/images/85628.gif,http://skyscraperpage.com/cities/?buildingID=84501,null,2005,51,Building Uses - residential: Structural Types - highrise: Architectural Style - modern;;,POSCO,,,,,,,,,,,,,,,,,
Busan,The Sharp Centum Park 114,../skyscraperpage.com/diagrams/images/85630.gif,http://skyscraperpage.com/cities/?buildingID=84503,null,2005,51,Building Uses - residential: Structural Types - highrise: Architectural Style - modern;;,POSCO,,,,,,,,,,,,,,,,,
Busan,The Sharp Centum Park 110,../skyscraperpage.com/diagrams/images/85626.gif,http://skyscraperpage.com/cities/?buildingID=84504,null,2005,51,Building Uses - residential: Structural Types - highrise: Architectural Style - modern;;,POSCO,,,,,,,,,,,,,,,,,
Busan,The Sharp Centum Park 108,../skyscraperpage.com/diagrams/images/85624.gif,http://skyscraperpage.com/cities/?buildingID=84505,null,2005,51,Building Uses - residential: Structural Types - highrise: Architectural Style - modern;;,POSCO,,,,,,,,,,,,,,,,,
Busan,The Sharp Centum Park 102,../skyscraperpage.com/diagrams/images/85619.gif,http://skyscraperpage.com/cities/?buildingID=84502,null,2005,51,Building Uses - residential: Structural Types - highrise: Architectural Style - modern;;,POSCO,,,,,,,,,,,,,,,,,
Busan,The Sharp Centum Park 106,../skyscraperpage.com/diagrams/images/85622.gif,http://skyscraperpage.com/cities/?buildingID=84500,null,2005,51,Building Uses - residential: Structural Types - highrise: Architectural Style - modern;;,POSCO,,,,,,,,,,,,,,,,,
Busan,The Sharp Centum Park 107,../skyscraperpage.com/diagrams/images/85623.gif,http://skyscraperpage.com/cities/?buildingID=84506,null,2005,51,Building Uses - residential: Structural Types - highrise: Architectural Style - modern;;,POSCO,,,,,,,,,,,,,,,,,
Busan,The Sharp Centum Park 113,../skyscraperpage.com/diagrams/images/85629.gif,http://skyscraperpage.com/cities/?buildingID=84508,null,2005,51,Building Uses - residential: Structural Types - highrise: Architectural Style - modern;;,POSCO,,,,,,,,,,,,,,,,,
Busan,The Sharp Centum Park 104,../skyscraperpage.com/diagrams/images/85621.gif,http://skyscraperpage.com/cities/?buildingID=84507,null,2005,51,Building Uses - residential: Structural Types - highrise: Architectural Style - modern;;,POSCO,,,,,,,,,,,,,,,,,
Busan,Seomyeon Central Star A,../skyscraperpage.com/diagrams/images/85480.gif,http://skyscraperpage.com/cities/?buildingID=84418,2007,2011,58,Building Uses - mixed use - office - parking garage - residential - retail: Structural Types - highrise: Architectural Style - modern;;,POSCO,,,,,,,,,,,,,,,,,
Busan,LCT Tower A,../skyscraperpage.com/diagrams/images/85226.gif,http://skyscraperpage.com/cities/?buildingID=95323,2014,null,87,Building Uses - residential - parking garage - restaurant - retail: Structural Types - highrise - mall: Architectural Style - postmodern;;,POSCO,,,,,,,,,,,,,,,,,
Busan,LCT Tower B,../skyscraperpage.com/diagrams/images/85225.gif,http://skyscraperpage.com/cities/?buildingID=95324,2014,null,87,Building Uses - residential - parking garage - restaurant - retail: Structural Types - highrise - mall: Architectural Style - postmodern;;,POSCO,,,,,,,,,,,,,,,,,
Busan,LCT Landmark Tower,../skyscraperpage.com/diagrams/images/85471.gif,http://skyscraperpage.com/cities/?buildingID=69714,2014,null,101,Building Uses - mixed use - hotel - other - parking garage - residential - retail - theatre: Structural Types - highrise;;,POSCO,,,,,,,,,,,,,,,,,
Makati,Two RCBC Plaza,../skyscraperpage.com/diagrams/images/38050.gif,http://skyscraperpage.com/cities/?buildingID=43628,2000,2001,41,Building Uses - office: Structural Types - highrise: Architectural Style - modern: Materials - glass - concrete;;,RCBC Realty,,,,,,,,,,,,,,,,,
Makati,Yuchengco Tower,../skyscraperpage.com/diagrams/images/67353.gif,http://skyscraperpage.com/cities/?buildingID=43627,2000,2001,46,Building Uses - office: Structural Types - highrise: Architectural Style - modern: Materials - glass - concrete;;,RCBC Realty,,,,,,,,,,,,,,,,,
Mumbai,RNA Mirage,../skyscraperpage.com/diagrams/images/33776.gif,http://skyscraperpage.com/cities/?buildingID=37219,2005,2009,41,Building Uses - residential: Structural Types - highrise: Architectural Style - futurism: Materials - glass - limestone;;,RNA Corp,,,,,,,,,,,,,,,,,
Makati,J.G. Summit Center,../skyscraperpage.com/diagrams/images/38113.gif,http://skyscraperpage.com/cities/?buildingID=1366,null,2001,38,Building Uses - office - fitness center: Structural Types - highrise - landing pad: Architectural Style - modern: Materials - glass - steel - concrete;;,Robinsons Land,,,,,,,,,,,,,,,,,
Makati,One Rockwell East Tower,../skyscraperpage.com/diagrams/images/62867.gif,http://skyscraperpage.com/cities/?buildingID=83486,2007,2011,45,Building Uses - residential: Structural Types - highrise;;,Rockwell Land,,,,,,,,,,,,,,,,,
Makati,Rizal Tower,../skyscraperpage.com/diagrams/images/6851.gif,http://skyscraperpage.com/cities/?buildingID=6853,null,1999,47,Building Uses - residential: Structural Types - highrise;;,Rockwell Land,,,,,,,,,,,,,,,,,
Makati,One Rockwell West Tower,../skyscraperpage.com/diagrams/images/67360.gif,http://skyscraperpage.com/cities/?buildingID=83485,2007,2011,55,Building Uses - residential - parking garage - retail: Structural Types - highrise: Architectural Style - postmodern;;,Rockwell Land,,,,,,,,,,,,,,,,,
Makati,Iconique Tower,../skyscraperpage.com/diagrams/images/84569.gif,http://skyscraperpage.com/cities/?buildingID=103869,2014,null,60,Building Uses - office: Structural Types - highrise;;,Rockwell Land,,,,,,,,,,,,,,,,,
Mumbai,Ruparel Ariana,../skyscraperpage.com/diagrams/images/83048.gif,http://skyscraperpage.com/cities/?buildingID=15411,2015,null,73,Building Uses - residential - parking garage: Structural Types - highrise: Architectural Style - modern;;,Ruparel Realty,,,,,,,,,,,,,,,,,
Seoul,Samsung Business Center,../skyscraperpage.com/diagrams/images/61184.gif,http://skyscraperpage.com/cities/?buildingID=86793,1991,1994,20,Building Uses - office: Structural Types - highrise: Architectural Style - modern;;,Samsung C&T,,,,,,,,,,,,,,,,,
Seoul,Samsung City Center,../skyscraperpage.com/diagrams/images/61320.gif,http://skyscraperpage.com/cities/?buildingID=87149,1973,1976,26,Building Uses - office: Structural Types - highrise: Architectural Style - international;;,Samsung C&T,,,,,,,,,,,,,,,,,
Seoul,Samsung Life Insurance Tower,../skyscraperpage.com/diagrams/images/64514.gif,http://skyscraperpage.com/cities/?buildingID=85097,2005,2007,32,Building Uses - office - conference: Structural Types - highrise: Architectural Style - modern;;,Samsung C&T,,,,,,,,,,,,,,,,,
Seoul,Samsung Distribution Tower,../skyscraperpage.com/diagrams/images/64515.gif,http://skyscraperpage.com/cities/?buildingID=85098,2005,2007,34,Building Uses - office: Structural Types - highrise: Architectural Style - modern;;,Samsung C&T,,,,,,,,,,,,,,,,,
Seoul,Tower Palace 1 Tower D,../skyscraperpage.com/diagrams/images/64545.gif,http://skyscraperpage.com/cities/?buildingID=7002,null,2002,42,Building Uses - residential: Structural Types - highrise;;,Samsung C&T,,,,,,,,,,,,,,,,,
Seoul,Samsung Electronics Headquarters,../skyscraperpage.com/diagrams/images/64513.gif,http://skyscraperpage.com/cities/?buildingID=85099,2005,2008,44,Building Uses - office - conference - parking garage: Structural Types - highrise: Architectural Style - modern;;,Samsung C&T,,,,,,,,,,,,,,,,,
Seoul,Galleria Foret Tower 1,../skyscraperpage.com/diagrams/images/70014.gif,http://skyscraperpage.com/cities/?buildingID=84343,2008,2011,45,Building Uses - residential - garden - retail: Structural Types - highrise: Architectural Style - modern;;,Samsung C&T,,,,,,,,,,,,,,,,,
Seoul,Samsung Raemian Gangdong Palace Office Tower,../skyscraperpage.com/diagrams/images/78029.gif,http://skyscraperpage.com/cities/?buildingID=104025,2014,null,45,Building Uses - office - parking garage: Structural Types - highrise: Architectural Style - modern;;,Samsung C&T,,,,,,,,,,,,,,,,,
Seoul,Samsung Raemian Gangdong Palace Residential Tower II,../skyscraperpage.com/diagrams/images/78027.gif,http://skyscraperpage.com/cities/?buildingID=104028,2014,null,45,Building Uses - residential - parking garage: Structural Types - highrise: Architectural Style - modern;;,Samsung C&T,,,,,,,,,,,,,,,,,
Seoul,Samsung Raemian Gangdong Palace Residential Tower III,../skyscraperpage.com/diagrams/images/78028.gif,http://skyscraperpage.com/cities/?buildingID=104029,2014,null,45,Building Uses - residential - parking garage: Structural Types - highrise: Architectural Style - modern;;,Samsung C&T,,,,,,,,,,,,,,,,,
Seoul,Galleria Foret Tower 2,../skyscraperpage.com/diagrams/images/70015.gif,http://skyscraperpage.com/cities/?buildingID=84344,2008,2011,45,Building Uses - residential - garden - retail: Structural Types - highrise;;,Samsung C&T,,,,,,,,,,,,,,,,,
Seoul,Samsung Raemian Gangdong Palace Residential Tower I,../skyscraperpage.com/diagrams/images/78026.gif,http://skyscraperpage.com/cities/?buildingID=104027,2014,null,45,Building Uses - residential - parking garage: Structural Types - highrise: Architectural Style - modern;;,Samsung C&T,,,,,,,,,,,,,,,,,
Seoul,Galleria Palace Tower B,../skyscraperpage.com/diagrams/images/35289.gif,http://skyscraperpage.com/cities/?buildingID=12403,2001,2003,46,Building Uses - residential: Structural Types - highrise;;,Samsung C&T,,,,,,,,,,,,,,,,,
Seoul,Galleria Palace Tower A,../skyscraperpage.com/diagrams/images/35288.gif,http://skyscraperpage.com/cities/?buildingID=12525,2001,2005,46,Building Uses - residential: Structural Types - highrise;;,Samsung C&T,,,,,,,,,,,,,,,,,
Seoul,Galleria Palace Tower C,../skyscraperpage.com/diagrams/images/35290.gif,http://skyscraperpage.com/cities/?buildingID=12469,2001,2003,46,Building Uses - residential: Structural Types - highrise;;,Samsung C&T,,,,,,,,,,,,,,,,,
Seoul,Tower Palace 2 Tower E,../skyscraperpage.com/diagrams/images/7041.gif,http://skyscraperpage.com/cities/?buildingID=7043,null,2004,55,Building Uses - residential: Structural Types - highrise;;,Samsung C&T,,,,,,,,,,,,,,,,,
Seoul,Tower Palace 2 Tower F,../skyscraperpage.com/diagrams/images/7084.gif,http://skyscraperpage.com/cities/?buildingID=7086,null,2004,55,Building Uses - residential: Structural Types - highrise;;,Samsung C&T,,,,,,,,,,,,,,,,,
Seoul,Ichon Rex,../skyscraperpage.com/diagrams/images/86812.gif,http://skyscraperpage.com/cities/?buildingID=24310,2012,2015,56,Building Uses - residential - parking garage: Structural Types - highrise: Architectural Style - modern;;,Samsung C&T,,,,,,,,,,,,,,,,,
Seoul,Tower Palace 1 Tower C,../skyscraperpage.com/diagrams/images/64543.gif,http://skyscraperpage.com/cities/?buildingID=1977,null,2002,59,Building Uses - residential: Structural Types - highrise;;,Samsung C&T,,,,,,,,,,,,,,,,,
Seoul,Tower Palace 1 Tower A,../skyscraperpage.com/diagrams/images/64544.gif,http://skyscraperpage.com/cities/?buildingID=1978,null,2002,59,Building Uses - residential: Structural Types - highrise;;,Samsung C&T,,,,,,,,,,,,,,,,,
Seoul,Tower Palace 1 Tower B,../skyscraperpage.com/diagrams/images/64542.gif,http://skyscraperpage.com/cities/?buildingID=1979,null,2002,66,Building Uses - residential: Structural Types - highrise;;,Samsung C&T,,,,,,,,,,,,,,,,,
Seoul,Tower Palace 3 Tower G,../skyscraperpage.com/diagrams/images/34454.gif,http://skyscraperpage.com/cities/?buildingID=3778,null,2003,69,Building Uses - residential: Structural Types - highrise - landing pad: Architectural Style - modern;;,Samsung C&T,,,,,,,,,,,,,,,,,
Makati,The Peak,../skyscraperpage.com/diagrams/images/28860.gif,http://skyscraperpage.com/cities/?buildingID=1666,null,1991,35,Building Uses - mixed use - office - residential: Structural Types - highrise;;,Shang Properties,,,,,,,,,,,,,,,,,
Makati,Shang Grand Tower,../skyscraperpage.com/diagrams/images/38158.gif,http://skyscraperpage.com/cities/?buildingID=22999,2004,2006,46,Building Uses - residential: Structural Types - highrise: Architectural Style - postmodern: Materials - glass - concrete;;,Shang Properties,,,,,,,,,,,,,,,,,
Makati,Shang Salcedo Place,../skyscraperpage.com/diagrams/images/85035.gif,http://skyscraperpage.com/cities/?buildingID=97687,2012,null,65,Building Uses - mixed use - hotel - parking garage - residential - restaurant - retail: Structural Types - highrise: Architectural Style - modern;;,Shang Properties,,,,,,,,,,,,,,,,,
Mumbai,The Imperial - Tower II,../skyscraperpage.com/diagrams/images/37108.gif,http://skyscraperpage.com/cities/?buildingID=31571,2004,2010,60,Building Uses - residential: Structural Types - highrise - pole: Architectural Style - postmodern;;,Shapoorji Pallonji,,,,,,,,,,,,,,,,,
Mumbai,The Imperial - Tower I,../skyscraperpage.com/diagrams/images/37109.gif,http://skyscraperpage.com/cities/?buildingID=31570,2004,2010,60,Building Uses - residential: Structural Types - highrise - pole: Architectural Style - postmodern;;,Shapoorji Pallonji,,,,,,,,,,,,,,,,,
Mumbai,Palais Royale,../skyscraperpage.com/diagrams/images/65616.gif,http://skyscraperpage.com/cities/?buildingID=87683,2008,null,66,Building Uses - residential - parking garage - restaurant: Structural Types - highrise - atrium: Architectural Style - postmodern;;,Shree Ram Urban Infrastructure,,,,,,,,,,,,,,,,,
Seoul,SK Stock Building,../skyscraperpage.com/diagrams/images/61043.gif,http://skyscraperpage.com/cities/?buildingID=86512,1992,1995,20,Building Uses - office: Structural Types - highrise: Architectural Style - modern;;,SK E&C,,,,,,,,,,,,,,,,,
Seoul,SK Telecom Headquarters,../skyscraperpage.com/diagrams/images/59767.gif,http://skyscraperpage.com/cities/?buildingID=12382,2000,2003,33,Building Uses - office: Structural Types - highrise: Architectural Style - deconstructivism;;,SK E&C,,,,,,,,,,,,,,,,,
Seoul,SK Building,../skyscraperpage.com/diagrams/images/60824.gif,http://skyscraperpage.com/cities/?buildingID=12374,null,2000,38,Building Uses - office: Structural Types - highrise;;,SK E&C,,,,,,,,,,,,,,,,,
Busan,SK HUB Sky,../skyscraperpage.com/diagrams/images/60614.gif,http://skyscraperpage.com/cities/?buildingID=43450,null,2006,49,Building Uses - mixed use: Structural Types - highrise;;,SK E&C,,,,,,,,,,,,,,,,,
Seoul,Parc 1 - Tower B,../skyscraperpage.com/diagrams/images/79141.gif,http://skyscraperpage.com/cities/?buildingID=63169,2007,null,53,Building Uses - office - retail: Structural Types - highrise;;,Skylan Properties,,,,,,,,,,,,,,,,,
Seoul,Parc 1 - Tower A,../skyscraperpage.com/diagrams/images/75305.gif,http://skyscraperpage.com/cities/?buildingID=63168,2007,null,69,Building Uses - office - retail: Structural Types - highrise;;,Skylan Properties,,,,,,,,,,,,,,,,,
Busan,WBC The Palace Tower A,../skyscraperpage.com/diagrams/images/63796.gif,http://skyscraperpage.com/cities/?buildingID=84355,2007,2011,71,Building Uses - residential: Structural Types - highrise: Architectural Style - postmodern;;,Solomon Group,,,,,,,,,,,,,,,,,
Busan,WBC The Palace Tower B,../skyscraperpage.com/diagrams/images/63795.gif,http://skyscraperpage.com/cities/?buildingID=86518,2007,2011,71,Building Uses - residential: Structural Types - highrise: Architectural Style - postmodern;;,Solomon Group,,,,,,,,,,,,,,,,,
